Date,Pack,AP/Creds,Price,Notes,Common (C/W),Uncommon (C/W),Rare Mod,Rare Weap.,Rare Char.,UR Weap.,UR Char.,1 Level booster,2 Level booster,3 Level booster,4 Level booster,N. Consumbales,Variant present,Ultra Rares
2-Aug-17,Jumbo Supply,Credits,10000,Bronze mod variants unfin; Silver mod unfin; Silver mod variants unfin; Silver weap unfin; Silver weap variants unfin; Silver char unfin; Gold mod variants unfin; Gold weap unfin; Gold weap variants unfin; Gold char Unfin; UR weap unfin; UR char unfin,0,0,0,0,0,0,0,5,0,0,0,20,No,NA
2-Aug-17,Expert,Credits,50000,Bronze mod variants unfin; Silver mod unfin; Silver mod variants unfin; Silver weap unfin; Silver weap variants unfin; Silver char unfin; Gold mod variants unfin; Gold weap unfin; Gold weap variants unfin; Gold char Unfin; UR weap unfin; UR char unfin,0,1,0,1,0,0,0,0,1,0,0,2,No,NA
3-Aug-17,Reserves,Credits,100000,Bronze mod variants unfin; Silver mod unfin; Silver mod variants unfin; Silver weap unfin; Silver weap variants unfin; Silver char unfin; Gold mod variants unfin; Gold weap unfin; Gold weap variants unfin; Gold char Unfin; UR weap unfin; UR char unfin,0,0,0,1,1,0,0,0,0,2,0,1,No,NA
3-Aug-17,Reserves,Credits,100000,Bronze mod variants unfin; Silver mod unfin; Silver mod variants unfin; Silver weap unfin; Silver weap variants unfin; Silver char unfin; Gold mod variants unfin; Gold weap unfin; Gold weap variants unfin; Gold char Unfin; UR weap unfin; UR char unfin,0,1,0,1,1,0,0,0,0,1,0,1,No,NA
3-Aug-17,Reserves,Credits,100000,Bronze mod variants unfin; Silver mod unfin; Silver mod variants unfin; Silver weap unfin; Silver weap variants unfin; Silver char unfin; Gold mod variants unfin; Gold weap unfin; Gold weap variants unfin; Gold char Unfin; UR weap unfin; UR char unfin,0,0,0,1,1,0,0,0,1,0,1,1,No,Targeting VI IV
4-Aug-17,Reserves,Credits,100000,Bronze mod variants unfin; Silver mod unfin; Silver mod variants unfin; Silver weap unfin; Silver weap variants unfin; Silver char unfin; Gold mod variants unfin; Gold weap unfin; Gold weap variants unfin; Gold char Unfin; UR weap unfin; UR char unfin,0,1,0,1,1,0,0,0,0,1,0,1,No,NA
4-Aug-17,Reserves,Credits,100000,Bronze mod variants unfin; Silver mod unfin; Silver mod variants unfin; Silver weap unfin; Silver weap variants unfin; Silver char unfin; Gold mod variants unfin; Gold weap unfin; Gold weap variants unfin; Gold char Unfin; UR weap unfin; UR char unfin,0,1,0,1,1,0,0,0,0,1,0,1,No,NA
4-Aug-17,Advanced,Credits,20000,Bronze mod variants unfin; Silver mod unfin; Silver mod variants unfin; Silver weap unfin; Silver weap variants unfin; Silver char unfin; Gold mod variants unfin; Gold weap unfin; Gold weap variants unfin; Gold char Unfin; UR weap unfin; UR char unfin,0,1,0,0,0,0,0,2,1,0,0,1,No,NA
11-Aug-17,Jumbo Supply,Credits,10000,Bronze mod variants unfin; Silver mod unfin; Silver mod variants unfin; Silver weap unfin; Silver weap variants unfin; Silver char unfin; Gold mod variants unfin; Gold weap unfin; Gold weap variants unfin; Gold char Unfin; UR weap unfin; UR char unfin,0,0,0,0,0,0,0,5,0,0,0,20,No,NA
11-Aug-17,Reserves,Credits,100000,Bronze mod variants unfin; Silver mod unfin; Silver mod variants unfin; Silver weap unfin; Silver weap variants unfin; Silver char unfin; Gold mod variants unfin; Gold weap unfin; Gold weap variants unfin; Gold char Unfin; UR weap unfin; UR char unfin,0,0,0,0,1,0,1,0,1,0,0,2,No,Human Kineticist VII
11-Aug-17,Reserves,Credits,100000,Bronze mod variants unfin; Silver mod unfin; Silver mod variants unfin; Silver weap unfin; Silver weap variants unfin; Silver char unfin; Gold mod variants unfin; Gold weap unfin; Gold weap variants unfin; Gold char Unfin; UR weap unfin; UR char unfin,0,0,0,1,1,0,0,0,1,0,1,1,No,Power Efficiency Mod IV
11-Aug-17,Jumbo Supply,Credits,10000,Bronze mod variants unfin; Silver mod unfin; Silver mod variants unfin; Silver weap unfin; Silver weap variants unfin; Silver char unfin; Gold mod variants unfin; Gold weap unfin; Gold weap variants unfin; Gold char Unfin; UR weap unfin; UR char unfin,0,0,0,0,0,0,0,5,0,0,0,20,No,NA
14-Aug-17,Reserves,Credits,100000,Bronze mod variants unfin; Silver mod unfin; Silver mod variants unfin; Silver weap unfin; Silver weap variants unfin; Silver char unfin; Gold mod variants unfin; Gold weap unfin; Gold weap variants unfin; Gold char Unfin; UR weap unfin; UR char unfin,0,0,0,1,1,0,0,0,0,0,1,2,No,Sniper Rifle Rail Amp IV
14-Aug-17,Premium,Credits,100000,Bronze mod variants unfin; Silver mod unfin; Silver mod variants unfin; Silver weap unfin; Silver weap variants unfin; Silver char unfin; Gold mod variants unfin; Gold weap unfin; Gold weap variants unfin; UR weap unfin; UR char unfin,0,0,0,1,0,1,0,0,1,0,1,1,No,N7 Valkyrie II; Incinidiary Ammo IV
14-Aug-17,Expert,Credits,50000,Bronze mod variants unfin; Silver mod unfin; Silver mod variants unfin; Silver weap unfin; Silver weap variants unfin; Silver char unfin; Gold mod variants unfin; Gold weap unfin; Gold weap variants unfin; UR weap unfin; UR char unfin,0,0,0,1,0,0,0,1,1,0,0,2,No,NA
14-Aug-17,Advanced,Credits,20000,Bronze mod variants unfin; Silver mod unfin; Silver mod variants unfin; Silver weap unfin; Silver weap variants unfin; Silver char unfin; Gold mod variants unfin; Gold weap unfin; Gold weap variants unfin; UR weap unfin; UR char unfin,0,1,0,0,0,0,0,1,1,0,0,2,No,NA
14-Aug-17,Advanced,Credits,20000,Bronze mod variants unfin; Silver mod unfin; Silver mod variants unfin; Silver weap unfin; Silver weap variants unfin; Silver char unfin; Gold mod variants unfin; Gold weap unfin; Gold weap variants unfin; UR weap unfin; UR char unfin,0,1,0,0,0,0,0,0,1,0,0,3,No,NA
14-Aug-17,Advanced,Credits,20000,Bronze mod variants unfin; Silver mod unfin; Silver mod variants unfin; Silver weap unfin; Silver weap variants unfin; Silver char unfin; Gold mod variants unfin; Gold weap unfin; Gold weap variants unfin; UR weap unfin; UR char unfin,0,2,0,0,0,0,0,1,1,0,0,1,No,NA
14-Aug-17,Jumbo Supply,Credits,10000,Bronze mod variants unfin; Silver mod unfin; Silver mod variants unfin; Silver weap unfin; Silver weap variants unfin; Silver char unfin; Gold mod variants unfin; Gold weap unfin; Gold weap variants unfin; UR weap unfin; UR char unfin,0,0,0,0,0,0,0,5,0,0,0,20,No,NA
14-Aug-17,Jumbo Supply,Credits,10000,Bronze mod variants unfin; Silver mod unfin; Silver mod variants unfin; Silver weap unfin; Silver weap variants unfin; Silver char unfin; Gold mod variants unfin; Gold weap unfin; Gold weap variants unfin; UR weap unfin; UR char unfin,0,0,0,0,0,0,0,5,0,0,0,20,No,NA
15-Aug-17,Expert,Credits,50000,Bronze mod variants unfin; Silver mod unfin; Silver mod variants unfin; Silver weap unfin; Silver weap variants unfin; Silver char unfin; Gold mod variants unfin; Gold weap unfin; Gold weap variants unfin; UR weap unfin; UR char unfin,0,2,0,1,0,0,0,0,1,0,0,1,Yes,Venom Siphon V
16-Aug-17,Jumbo Supply,Credits,10000,Bronze mod variants unfin; Silver mod unfin; Silver mod variants unfin; Silver weap unfin; Silver weap variants unfin; Silver char unfin; Gold mod variants unfin; Gold weap unfin; Gold weap variants unfin; UR weap unfin; UR char unfin,0,0,0,0,0,0,0,5,0,0,0,20,No,NA
16-Aug-17,Advanced,Credits,20000,Bronze mod variants unfin; Silver mod unfin; Silver mod variants unfin; Silver weap unfin; Silver weap variants unfin; Silver char unfin; Gold mod variants unfin; Gold weap unfin; Gold weap variants unfin; UR weap unfin; UR char unfin,0,1,0,0,0,0,0,1,0,1,0,2,No,NA
16-Aug-17,Premium,Credits,100000,Bronze mod variants unfin; Silver mod unfin; Silver mod variants unfin; Silver weap unfin; Silver weap variants unfin; Silver char unfin; Gold mod variants unfin; Gold weap unfin; Gold weap variants unfin; UR weap unfin; UR char unfin,0,1,0,2,0,0,0,0,1,0,0,1,No,NA
17-Aug-17,Premium,Credits,100000,Bronze mod variants unfin; Silver mod unfin; Silver mod variants unfin; Silver weap unfin; Silver weap variants unfin; Silver char unfin; Gold mod variants unfin; Gold weap unfin; Gold weap variants unfin; UR weap unfin; UR char unfin,0,0,0,1,0,0,1,0,0,1,1,1,Yes,Lanat Concussive I; Angara Exemplar VI; Power Efficiency Mod IV
17-Aug-17,Premium,Credits,100000,Bronze mod variants unfin; Silver mod unfin; Silver mod variants unfin; Silver weap unfin; Silver weap variants unfin; Silver char unfin; Gold mod variants unfin; Gold weap unfin; Gold weap variants unfin; UR weap unfin; UR char unfin,0,0,0,2,0,0,0,0,1,1,0,1,No,NA
17-Aug-17,Advanced,Credits,20000,Bronze mod variants unfin; Silver mod unfin; Silver mod variants unfin; Silver weap unfin; Silver weap variants unfin; Silver char unfin; Gold mod variants unfin; Gold weap unfin; Gold weap variants unfin; UR weap unfin; UR char unfin,0,2,0,0,0,0,0,0,1,1,0,1,No,NA
17-Aug-17,Advanced,Credits,20000,Bronze mod variants unfin; Silver mod unfin; Silver mod variants unfin; Silver weap unfin; Silver weap variants unfin; Silver char unfin; Gold mod variants unfin; Gold weap unfin; Gold weap variants unfin; UR weap unfin; UR char unfin,0,2,0,0,0,0,0,0,1,0,0,2,No,NA
17-Aug-17,Jumbo Supply,Credits,10000,Bronze mod variants unfin; Silver mod unfin; Silver mod variants unfin; Silver weap unfin; Silver weap variants unfin; Silver char unfin; Gold mod variants unfin; Gold weap unfin; Gold weap variants unfin; UR weap unfin; UR char unfin,0,0,0,0,0,0,0,5,0,0,0,20,No,NA
18-Aug-17,Advanced,Credits,20000,Bronze mod variants unfin; Silver mod unfin; Silver mod variants unfin; Silver weap unfin; Silver weap variants unfin; Silver char unfin; Gold mod variants unfin; Gold weap unfin; Gold weap variants unfin; UR weap unfin; UR char unfin,0,2,0,0,0,0,0,1,0,0,0,2,No,NA
18-Aug-17,Expert,Credits,50000,Bronze mod variants unfin; Silver mod unfin; Silver mod variants unfin; Silver weap unfin; Silver weap variants unfin; Silver char unfin; Gold mod variants unfin; Gold weap unfin; Gold weap variants unfin; UR weap unfin; UR char unfin,0,1,0,1,0,0,0,1,0,0,0,2,No,NA
18-Aug-17,Premium,Credits,100000,Bronze mod variants unfin; Silver mod unfin; Silver mod variants unfin; Silver weap unfin; Silver weap variants unfin; Silver char unfin; Gold mod variants unfin; Gold weap unfin; Gold weap variants unfin; UR weap unfin; UR char unfin,0,0,0,2,0,0,0,0,0,1,0,2,Yes,Scattershot Siphon I
25-Aug-17,Advanced,Credits,20000,Bronze mod variants unfin; Silver mod unfin; Silver mod variants unfin; Silver weap unfin; Silver weap variants unfin; Silver char unfin; Gold mod variants unfin; Gold weap unfin; Gold weap variants unfin; UR weap unfin; UR char unfin,0,2,0,0,0,0,0,1,1,0,0,1,No,NA
25-Aug-17,Expert,Credits,50000,Bronze mod variants unfin; Silver mod unfin; Silver mod variants unfin; Silver weap unfin; Silver weap variants unfin; Silver char unfin; Gold mod variants unfin; Gold weap unfin; Gold weap variants unfin; UR weap unfin; UR char unfin,0,0,0,1,0,0,1,1,1,0,0,1,No,Angara Avenger VIII
26-Aug-17,Reserves,Credits,100000,Bronze mod variants unfin; Silver mod unfin; Silver mod variants unfin; Silver weap unfin; Silver weap variants unfin; Silver char unfin; Gold mod variants unfin; Gold weap unfin; Gold weap variants unfin; UR weap unfin; UR char unfin,0,0,0,1,0,0,1,0,1,0,1,1,No,Angara Avenger IX; Power Efficiency Mod IV
26-Aug-17,Advanced,Credits,20000,Bronze mod variants unfin; Silver mod unfin; Silver mod variants unfin; Silver weap unfin; Silver weap variants unfin; Silver char unfin; Gold mod variants unfin; Gold weap unfin; Gold weap variants unfin; UR weap unfin; UR char unfin,0,1,0,0,0,0,0,1,1,0,0,2,No,NA
27-Aug-17,Reserves,Credits,100000,Bronze mod variants unfin; Silver mod unfin; Silver mod variants unfin; Silver weap unfin; Silver weap variants unfin; Silver char unfin; Gold mod variants unfin; Gold weap unfin; Gold weap variants unfin; UR weap unfin; UR char unfin,0,0,0,2,0,0,0,0,1,1,0,1,No,NA
27-Aug-17,Jumbo Supply,Credits,10000,Bronze mod variants unfin; Silver mod unfin; Silver mod variants unfin; Silver weap unfin; Silver weap variants unfin; Silver char unfin; Gold mod variants unfin; Gold weap unfin; Gold weap variants unfin; UR weap unfin; UR char unfin,0,0,0,0,0,0,0,5,0,0,0,20,No,NA
27-Aug-17,Reserves,Credits,100000,Bronze mod variants unfin; Silver mod unfin; Silver mod variants unfin; Silver weap unfin; Silver weap variants unfin; Silver char unfin; Gold mod variants unfin; Gold weap unfin; Gold weap variants unfin; UR weap unfin; UR char unfin,0,0,0,2,0,0,0,0,1,0,1,1,Yes,Scattershot Bulwark II; Pistol Rail Amp IV
27-Aug-17,Reserves,Credits,100000,Bronze mod variants unfin; Silver mod unfin; Silver mod variants unfin; Silver weap unfin; Silver weap variants unfin; Silver char unfin; Gold mod variants unfin; Gold weap unfin; Gold weap variants unfin; UR weap unfin; UR char unfin,0,1,0,2,0,0,0,0,0,1,0,1,No,NA
28-Aug-17,Jumbo Supply,Credits,10000,Bronze mod variants unfin; Silver mod unfin; Silver mod variants unfin; Silver weap unfin; Silver weap variants unfin; Silver char unfin; Gold mod variants unfin; Gold weap unfin; Gold weap variants unfin; UR weap unfin; UR char unfin,0,0,0,0,0,0,0,5,0,0,0,20,No,NA
28-Aug-17,Advanced,Credits,20000,Bronze mod variants unfin; Silver mod unfin; Silver mod variants unfin; Silver weap unfin; Silver weap variants unfin; Silver char unfin; Gold mod variants unfin; Gold weap unfin; Gold weap variants unfin; UR weap unfin; UR char unfin,0,1,0,0,0,0,0,0,1,0,0,3,No,NA
28-Aug-17,Advanced,Credits,20000,Bronze mod variants unfin; Silver mod unfin; Silver mod variants unfin; Silver weap unfin; Silver weap variants unfin; Silver char unfin; Gold mod variants unfin; Gold weap unfin; Gold weap variants unfin; UR weap unfin; UR char unfin,0,1,0,0,0,0,0,0,2,0,0,2,No,NA
31-Aug-17,Reserves,Credits,100000,Bronze mod variants unfin; Silver mod unfin; Silver mod variants unfin; Silver weap unfin; Silver weap variants unfin; Silver char unfin; Gold mod variants unfin; Gold weap unfin; Gold weap variants unfin; Gold char unfin; UR weap unfin; UR char unfin,0,0,0,1,1,0,0,0,1,1,0,1,No,NA
31-Aug-17,Reserves,Credits,100000,Bronze mod variants unfin; Silver mod unfin; Silver mod variants unfin; Silver weap unfin; Silver weap variants unfin; Silver char unfin; Gold mod variants unfin; Gold weap unfin; Gold weap variants unfin; Gold char unfin; UR weap unfin; UR char unfin,0,1,0,1,1,0,0,0,1,0,0,1,No,NA
31-Aug-17,Reserves,Credits,100000,Bronze mod variants unfin; Silver mod unfin; Silver mod variants unfin; Silver weap unfin; Silver weap variants unfin; Silver char unfin; Gold mod variants unfin; Gold weap unfin; Gold weap variants unfin; Gold char unfin; UR weap unfin; UR char unfin,0,1,0,0,1,0,1,0,1,0,0,1,No,Angar Exemplar VII
31-Aug-17,Reserves,Credits,100000,Bronze mod variants unfin; Silver mod unfin; Silver mod variants unfin; Silver weap unfin; Silver weap variants unfin; Silver char unfin; Gold mod variants unfin; Gold weap unfin; Gold weap variants unfin; Gold char unfin; UR weap unfin; UR char unfin,0,1,0,1,0,0,1,0,1,0,0,1,Yes,Sidewinder Bulwark I; Human Kineticist VIII
31-Aug-17,Reserves,Credits,100000,Bronze mod variants unfin; Silver mod unfin; Silver mod variants unfin; Silver weap unfin; Silver weap variants unfin; Silver char unfin; Gold mod variants unfin; Gold weap unfin; Gold weap variants unfin; Gold char unfin; UR weap unfin; UR char unfin,0,0,0,1,0,0,1,0,1,0,1,1,Yes,Revenant Siphon I; Asari Duelist VIII; Experince Enhancer IV
31-Aug-17,Reserves,Credits,100000,Bronze mod variants unfin; Silver mod unfin; Silver mod variants unfin; Silver weap unfin; Silver weap variants unfin; Silver char unfin; Gold mod variants unfin; Gold weap unfin; Gold weap variants unfin; Gold char unfin; UR weap unfin; UR char unfin,0,1,0,1,1,0,0,0,0,1,0,1,No,NA
31-Aug-17,Reserves,Credits,100000,Bronze mod variants unfin; Silver mod unfin; Silver mod variants unfin; Silver weap unfin; Silver weap variants unfin; Silver char unfin; Gold mod variants unfin; Gold weap unfin; Gold weap variants unfin; Gold char unfin; UR weap unfin; UR char unfin,0,1,0,1,1,0,0,0,1,0,0,1,No,NA
31-Aug-17,Reserves,Credits,100000,Bronze mod variants unfin; Silver mod unfin; Silver mod variants unfin; Silver weap unfin; Silver weap variants unfin; Silver char unfin; Gold mod variants unfin; Gold weap unfin; Gold weap variants unfin; Gold char unfin; UR weap unfin; UR char unfin,0,0,0,1,1,0,0,0,1,1,0,1,No,NA
31-Aug-17,Reserves,Credits,100000,Bronze mod variants unfin; Silver mod unfin; Silver mod variants unfin; Silver weap unfin; Silver weap variants unfin; Silver char unfin; Gold mod variants unfin; Gold weap unfin; Gold weap variants unfin; Gold char unfin; UR weap unfin; UR char unfin,0,0,0,1,1,0,0,0,1,1,0,1,Yes,M-25 Hornet Concussive I
31-Aug-17,Reserves,Credits,100000,Bronze mod variants unfin; Silver mod unfin; Silver mod variants unfin; Silver weap unfin; Silver weap variants unfin; Silver char unfin; Gold mod variants unfin; Gold weap unfin; Gold weap variants unfin; Gold char unfin; UR weap unfin; UR char unfin,0,1,0,1,1,0,0,0,1,0,0,1,No,NA
31-Aug-17,Reserves,Credits,100000,Bronze mod variants unfin; Silver mod unfin; Silver mod variants unfin; Silver weap unfin; Silver weap variants unfin; Silver char unfin; Gold mod variants unfin; Gold weap unfin; Gold weap variants unfin; Gold char unfin; UR weap unfin; UR char unfin,0,1,0,1,1,0,0,0,0,0,1,1,Yes,M-37 Falcon Bulwark I; Cyclonic Mod IV
31-Aug-17,Reserves,Credits,100000,Bronze mod variants unfin; Silver mod unfin; Silver mod variants unfin; Silver weap unfin; Silver weap variants unfin; Silver char unfin; Gold mod variants unfin; Gold weap unfin; Gold weap variants unfin; Gold char unfin; UR weap unfin; UR char unfin,0,1,0,1,1,0,0,0,1,0,0,1,No,NA
1-Sep-17,Advanced,Credits,20000,Bronze mod variants unfin; Silver mod unfin; Silver mod variants unfin; Silver weap unfin; Silver weap variants unfin; Silver char unfin; Gold mod variants unfin; Gold weap unfin; Gold weap variants unfin; Gold char unfin; UR weap unfin; UR char unfin,0,1,0,0,0,0,0,0,1,0,0,3,No,NA
1-Sep-17,Reserves,Credits,100000,Bronze mod variants unfin; Silver mod unfin; Silver mod variants unfin; Silver weap unfin; Silver weap variants unfin; Silver char unfin; Gold mod variants unfin; Gold weap unfin; Gold weap variants unfin; Gold char unfin; UR weap unfin; UR char unfin,0,1,0,1,1,0,0,0,1,0,0,1,No,NA
2-Sep-17,Advanced,Credits,20000,Bronze mod variants unfin; Silver mod unfin; Silver mod variants unfin; Silver weap unfin; Silver weap variants unfin; Silver char unfin; Gold mod variants unfin; Gold weap unfin; Gold weap variants unfin; Gold char unfin; UR weap unfin; UR char unfin,0,1,0,0,0,0,0,1,1,0,0,2,No,NA
2-Sep-17,Reserves,Credits,100000,Bronze mod variants unfin; Silver mod unfin; Silver mod variants unfin; Silver weap unfin; Silver weap variants unfin; Silver char unfin; Gold mod variants unfin; Gold weap unfin; Gold weap variants unfin; Gold char unfin; UR weap unfin; UR char unfin,0,0,0,1,1,0,0,1,1,0,0,1,No,NA
4-Sep-17,Reserves,Credits,100000,Bronze mod variants unfin; Silver mod unfin; Silver mod variants unfin; Silver weap unfin; Silver weap variants unfin; Silver char unfin; Gold mod variants unfin; Gold weap unfin; Gold weap variants unfin; Gold char unfin; UR weap unfin; UR char unfin,0,1,0,1,0,0,1,0,0,1,0,1,Yes,Human Kineticist IX; Lanat Bulwark I
4-Sep-17,Reserves,Credits,100000,Bronze mod variants unfin; Silver mod unfin; Silver mod variants unfin; Silver weap unfin; Silver weap variants unfin; Silver char unfin; Gold mod variants unfin; Gold weap unfin; Gold weap variants unfin; Gold char unfin; UR weap unfin; UR char unfin,0,1,0,1,1,0,0,0,0,0,1,1,No,Combat Power Amp IV
4-Sep-17,Reserves,Credits,100000,Bronze mod variants unfin; Silver mod unfin; Silver mod variants unfin; Silver weap unfin; Silver weap variants unfin; Silver char unfin; Gold mod variants unfin; Gold weap unfin; Gold weap variants unfin; Gold char unfin; UR weap unfin; UR char unfin,0,1,0,1,1,0,0,0,0,1,0,1,Yes,Scattershot Conussive II
6-Sep-17,Reserves,Credits,100000,Bronze mod variants unfin; Silver mod unfin; Silver mod variants unfin; Silver weap unfin; Silver weap variants unfin; Silver char unfin; Gold mod variants unfin; Gold weap unfin; Gold weap variants unfin; Gold char unfin; UR weap unfin; UR char unfin,0,0,0,1,1,0,0,0,0,1,1,1,Yes,Sandstorm Concussive I; Pistol Rail Amp IV
6-Sep-17,Reserves,Credits,100000,Bronze mod variants unfin; Silver mod unfin; Silver mod variants unfin; Silver weap unfin; Silver weap variants unfin; Silver char unfin; Gold mod variants unfin; Gold weap unfin; Gold weap variants unfin; Gold char unfin; UR weap unfin; UR char unfin,0,1,0,1,1,0,0,0,0,1,0,1,No,NA
6-Sep-17,Reserves,Credits,100000,Bronze mod variants unfin; Silver mod unfin; Silver mod variants unfin; Silver weap unfin; Silver weap variants unfin; Silver char unfin; Gold mod variants unfin; Gold weap unfin; Gold weap variants unfin; Gold char unfin; UR weap unfin; UR char unfin,0,1,0,1,1,0,0,0,1,0,0,1,Yes,Scattershot Bulwark III
7-Sep-17,Advanced,Credits,20000,Bronze mod variants unfin; Silver mod unfin; Silver mod variants unfin; Silver weap unfin; Silver weap variants unfin; Silver char unfin; Gold mod variants unfin; Gold weap unfin; Gold weap variants unfin; Gold char unfin; UR weap unfin; UR char unfin,0,1,0,0,0,0,0,0,1,0,0,3,No,NA
7-Sep-17,Reserves,Credits,100000,Bronze mod variants unfin; Silver mod unfin; Silver mod variants unfin; Silver weap unfin; Silver weap variants unfin; Silver char unfin; Gold mod variants unfin; Gold weap unfin; Gold weap variants unfin; Gold char unfin; UR weap unfin; UR char unfin,0,1,0,1,1,0,0,0,1,0,0,1,No,NA
8-Sep-17,Advanced,Credits,20000,Bronze mod variants unfin; Silver mod unfin; Silver mod variants unfin; Silver weap unfin; Silver weap variants unfin; Silver char unfin; Gold mod variants unfin; Gold weap unfin; Gold weap variants unfin; Gold char unfin; UR weap unfin; UR char unfin,0,1,0,0,0,0,0,1,1,0,0,2,No,NA
8-Sep-17,Advanced,Credits,20000,Bronze mod variants unfin; Silver mod unfin; Silver mod variants unfin; Silver weap unfin; Silver weap variants unfin; Silver char unfin; Gold mod variants unfin; Gold weap unfin; Gold weap variants unfin; Gold char unfin; UR weap unfin; UR char unfin,0,2,0,0,0,0,0,1,0,0,0,2,No,NA
8-Sep-17,Advanced,Credits,20000,Bronze mod variants unfin; Silver mod unfin; Silver mod variants unfin; Silver weap unfin; Silver weap variants unfin; Silver char unfin; Gold mod variants unfin; Gold weap unfin; Gold weap variants unfin; Gold char unfin; UR weap unfin; UR char unfin,0,1,0,0,0,0,0,1,1,0,0,2,No,NA
8-Sep-17,Advanced,Credits,20000,Bronze mod variants unfin; Silver mod unfin; Silver mod variants unfin; Silver weap unfin; Silver weap variants unfin; Silver char unfin; Gold mod variants unfin; Gold weap unfin; Gold weap variants unfin; Gold char unfin; UR weap unfin; UR char unfin,0,0,0,0,1,0,0,1,2,0,0,1,No,NA
8-Sep-17,Advanced,Credits,20000,Bronze mod variants unfin; Silver mod unfin; Silver mod variants unfin; Silver weap unfin; Silver weap variants unfin; Silver char unfin; Gold mod variants unfin; Gold weap unfin; Gold weap variants unfin; Gold char unfin; UR weap unfin; UR char unfin,0,0,0,1,0,0,0,2,0,0,0,2,No,NA
9-Sep-17,Expert,Credits,50000,Bronze mod variants unfin; Silver mod unfin; Silver mod variants unfin; Silver weap unfin; Silver weap variants unfin; Silver char unfin; Gold mod variants unfin; Gold weap unfin; Gold weap variants unfin; Gold char unfin; UR weap unfin; UR char unfin,0,2,0,1,0,0,0,1,0,0,0,1,No,NA
9-Sep-17,Expert,Credits,50000,Bronze mod variants unfin; Silver mod unfin; Silver mod variants unfin; Silver weap unfin; Silver weap variants unfin; Silver char unfin; Gold mod variants unfin; Gold weap unfin; Gold weap variants unfin; Gold char unfin; UR weap unfin; UR char unfin,0,1,0,1,0,0,0,1,0,0,0,2,No,NA
5-Oct-17,Jumbo Premium,Credits,500000,Bronze mod variants unfin; Silver mod unfin; Silver mod variants unfin; Silver weap unfin; Silver weap variants unfin; Silver char unfin; Gold mod variants unfin; Gold weap unfin; Gold weap variants unfin; Gold char unfin; UR weap unfin; UR char unfin,0,2,0,7,1,2,0,1,4,3,1,4,Yes,N7 Piranha VII; N7 Valiant V; M-25 Hornet Concussive II; M-3 Predator Siphon I; Sidewinder Bulwark II; Cyclonic Mod IV
5-Oct-17,Reserves,Credits,100000,Bronze mod variants unfin; Silver mod unfin; Silver mod variants unfin; Silver weap unfin; Silver weap variants unfin; Silver char unfin; Gold mod variants unfin; Gold weap unfin; Gold weap variants unfin; Gold char unfin; UR weap unfin; UR char unfin,0,0,0,1,1,0,0,0,1,0,1,1,Yes,Targeting VI IV; Revenant Concussive I
5-Oct-17,Reserves,Credits,100000,Bronze mod variants unfin; Silver mod unfin; Silver mod variants unfin; Silver weap unfin; Silver weap variants unfin; Silver char unfin; Gold mod variants unfin; Gold weap unfin; Gold weap variants unfin; Gold char unfin; UR weap unfin; UR char unfin,0,0,0,1,1,0,0,0,0,1,1,1,No,NA
5-Oct-17,Ammo Priming,Credits,10000,Bronze mod variants unfin; Silver mod unfin; Silver mod variants unfin; Silver weap unfin; Silver weap variants unfin; Silver char unfin; Gold mod variants unfin; Gold weap unfin; Gold weap variants unfin; Gold char unfin; UR weap unfin; UR char unfin,0,0,0,0,0,0,0,0,7,1,0,0,No,NA
6-Oct-17,Reserves,Credits,100000,Bronze mod variants unfin; Silver mod unfin; Silver mod variants unfin; Silver weap unfin; Silver weap variants unfin; Silver char unfin; Gold mod variants unfin; Gold weap unfin; Gold weap variants unfin; Gold char unfin; UR weap unfin; UR char unfin,0,0,0,1,1,0,0,0,0,0,1,2,No,NA
9-Oct-17,Reserves,Credits,100000,Bronze mod variants unfin; Silver mod unfin; Silver mod variants unfin; Silver weap unfin; Silver weap variants unfin; Silver char unfin; Gold mod variants unfin; Gold weap unfin; Gold weap variants unfin; Gold char unfin; UR weap unfin; UR char unfin,0,1,0,1,0,0,1,0,1,0,0,1,No,Krogan Gladiator V
12-Oct-17,Reserves,Credits,100000,Bronze mod variants unfin; Silver mod unfin; Silver mod variants unfin; Silver weap unfin; Silver weap variants unfin; Silver char unfin; Gold mod variants unfin; Gold weap unfin; Gold weap variants unfin; Gold char unfin; UR weap unfin; UR char unfin,0,1,0,1,1,0,0,0,0,1,0,1,No,NA
12-Oct-17,Supply,Credits,2000,Bronze mod variants unfin; Silver mod unfin; Silver mod variants unfin; Silver weap unfin; Silver weap variants unfin; Silver char unfin; Gold mod variants unfin; Gold weap unfin; Gold weap variants unfin; Gold char unfin; UR weap unfin; UR char unfin,0,0,0,0,0,0,0,1,0,0,0,4,No,NA
13-Oct-17,Reserves,Credits,100000,Bronze mod variants unfin; Silver mod unfin; Silver mod variants unfin; Silver weap unfin; Silver weap variants unfin; Silver char unfin; Gold mod variants unfin; Gold weap unfin; Gold weap variants unfin; Gold char unfin; UR weap unfin; UR char unfin,0,1,0,1,1,0,0,0,1,0,0,1,No,NA
13-Oct-17,Reserves,Credits,100000,Bronze mod variants unfin; Silver mod unfin; Silver mod variants unfin; Silver weap unfin; Silver weap variants unfin; Silver char unfin; Gold mod variants unfin; Gold weap unfin; Gold weap variants unfin; Gold char unfin; UR weap unfin; UR char unfin,0,1,0,0,1,0,1,0,0,0,1,1,No,Krogan Gladiator VI; Disruptor Ammo IV
13-Oct-17,Reserves,Credits,100000,Bronze mod variants unfin; Silver mod unfin; Silver mod variants unfin; Silver weap unfin; Silver weap variants unfin; Silver char unfin; Gold mod variants unfin; Gold weap unfin; Gold weap variants unfin; Gold char unfin; UR weap unfin; UR char unfin,0,1,0,1,1,0,0,0,0,0,1,1,No,Experience Enhancer IV
16-Oct-17,Ammo Priming,Credits,10000,Bronze mod variants unfin; Silver mod unfin; Silver mod variants unfin; Silver weap unfin; Silver weap variants unfin; Silver char unfin; Gold mod variants unfin; Gold weap unfin; Gold weap variants unfin; Gold char unfin; UR weap unfin; UR char unfin,0,0,0,0,0,0,0,0,7,1,0,0,No,NA
16-Oct-17,Ammo Priming,Credits,10000,Bronze mod variants unfin; Silver mod unfin; Silver mod variants unfin; Silver weap unfin; Silver weap variants unfin; Silver char unfin; Gold mod variants unfin; Gold weap unfin; Gold weap variants unfin; Gold char unfin; UR weap unfin; UR char unfin,0,0,0,0,0,0,0,0,6,2,0,0,No,NA
16-Oct-17,Jumbo Supply,Credits,10000,Bronze mod variants unfin; Silver mod unfin; Silver mod variants unfin; Silver weap unfin; Silver weap variants unfin; Silver char unfin; Gold mod variants unfin; Gold weap unfin; Gold weap variants unfin; Gold char unfin; UR weap unfin; UR char unfin,0,0,0,0,0,0,0,5,0,0,0,20,No,NA
16-Oct-17,Advanced,Credits,20000,Bronze mod variants unfin; Silver mod unfin; Silver mod variants unfin; Silver weap unfin; Silver weap variants unfin; Silver char unfin; Gold mod variants unfin; Gold weap unfin; Gold weap variants unfin; Gold char unfin; UR weap unfin; UR char unfin,0,1,0,0,0,0,0,1,2,0,0,1,No,NA
16-Oct-17,Expert,Credits,50000,Bronze mod variants unfin; Silver mod unfin; Silver mod variants unfin; Silver weap unfin; Silver weap variants unfin; Silver char unfin; Gold mod variants unfin; Gold weap unfin; Gold weap variants unfin; Gold char unfin; UR weap unfin; UR char unfin,0,0,0,0,1,0,0,0,1,0,1,2,No,Assault Rifle Rail Amp IV
16-Oct-17,Reserves,Credits,100000,Bronze mod variants unfin; Silver mod unfin; Silver mod variants unfin; Silver weap unfin; Silver weap variants unfin; Silver char unfin; Gold mod variants unfin; Gold weap unfin; Gold weap variants unfin; Gold char unfin; UR weap unfin; UR char unfin,0,1,0,1,1,0,0,0,1,0,0,1,No,NA
18-Oct-17,Apex Elite,Bonus,0,Bronze mod variants unfin; Silver mod unfin; Silver mod variants unfin; Silver weap unfin; Silver weap variants unfin; Silver char unfin; Gold mod variants unfin; Gold weap unfin; Gold weap variants unfin; Gold char unfin; UR weap unfin; UR char unfin,0,0,0,0,1,2,0,0,0,0,5,0,No,Dhan II; Naladen IV; Experience Enhancer IV (x5)
19-Oct-17,Expert,Credits,50000,Bronze mod variants unfin; Silver mod unfin; Silver mod variants unfin; Silver weap unfin; Silver weap variants unfin; Silver char unfin; Gold mod variants unfin; Gold weap unfin; Gold weap variants unfin; Gold char unfin; UR weap unfin; UR char unfin,0,0,0,1,0,0,0,0,1,0,1,2,No,Strength Enhancer IV
19-Oct-17,Advanced,Credits,20000,Bronze mod variants unfin; Silver mod unfin; Silver mod variants unfin; Silver weap unfin; Silver weap variants unfin; Silver char unfin; Gold mod variants unfin; Gold weap unfin; Gold weap variants unfin; Gold char unfin; UR weap unfin; UR char unfin,0,0,0,1,0,0,0,0,1,0,0,3,No,NA
19-Oct-17,Advanced,Credits,20000,Bronze mod variants unfin; Silver mod unfin; Silver mod variants unfin; Silver weap unfin; Silver weap variants unfin; Silver char unfin; Gold mod variants unfin; Gold weap unfin; Gold weap variants unfin; Gold char unfin; UR weap unfin; UR char unfin,0,1,0,0,0,0,0,3,0,0,0,1,No,NA
19-Oct-17,Advanced,Credits,20000,Bronze mod variants unfin; Silver mod unfin; Silver mod variants unfin; Silver weap unfin; Silver weap variants unfin; Silver char unfin; Gold mod variants unfin; Gold weap unfin; Gold weap variants unfin; Gold char unfin; UR weap unfin; UR char unfin,0,1,0,0,0,0,0,0,1,1,0,2,No,NA
10-Nov-17,Expert,Credits,50000,Bronze mod variants unfin; Silver mod unfin; Silver mod variants unfin; Silver weap unfin; Silver weap variants unfin; Silver char unfin; Gold mod variants unfin; Gold weap unfin; Gold weap variants unfin; Gold char unfin; UR weap unfin; UR char unfin,0,1,0,1,0,0,0,0,1,0,1,1,No,NA
11-Nov-17,Reserves,Credits,100000,Bronze mod variants unfin; Silver mod unfin; Silver mod variants unfin; Silver weap unfin; Silver weap variants unfin; Silver char unfin; Gold mod variants unfin; Gold weap unfin; Gold weap variants unfin; Gold char unfin; UR weap unfin; UR char unfin,0,1,0,0,2,0,0,0,1,0,0,1,No,NA
11-Nov-17,Reserves,Credits,100000,Bronze mod variants unfin; Silver mod unfin; Silver mod variants unfin; Silver weap unfin; Silver weap variants unfin; Silver char unfin; Gold mod variants unfin; Gold weap unfin; Gold weap variants unfin; Gold char unfin; UR weap unfin; UR char unfin,0,1,0,1,1,0,0,1,0,0,0,1,Yes,Charger S Siphon I
11-Nov-17,Expert,Credits,50000,Bronze mod variants unfin; Silver mod unfin; Silver mod variants unfin; Silver weap unfin; Silver weap variants unfin; Silver char unfin; Gold mod variants unfin; Gold weap unfin; Gold weap variants unfin; Gold char unfin; UR weap unfin; UR char unfin,0,1,0,1,0,0,0,0,1,0,0,2,No,NA
11-Nov-17,Ammo Priming,Credits,10000,Bronze mod variants unfin; Silver mod unfin; Silver mod variants unfin; Silver weap unfin; Silver weap variants unfin; Silver char unfin; Gold mod variants unfin; Gold weap unfin; Gold weap variants unfin; Gold char unfin; UR weap unfin; UR char unfin,0,0,0,0,0,0,0,0,7,1,0,0,No,NA
11-Nov-17,Jumbo Supply,Credits,10000,Bronze mod variants unfin; Silver mod unfin; Silver mod variants unfin; Silver weap unfin; Silver weap variants unfin; Silver char unfin; Gold mod variants unfin; Gold weap unfin; Gold weap variants unfin; Gold char unfin; UR weap unfin; UR char unfin,0,0,0,0,0,0,0,5,0,0,0,20,No,NA
18-Nov-17,Reserves,Credits,100000,Bronze mod variants unfin; Silver mod unfin; Silver mod variants unfin; Silver weap unfin; Silver weap variants unfin; Silver char unfin; Gold mod variants unfin; Gold weap unfin; Gold weap variants unfin; Gold char unfin; UR weap unfin; UR char unfin,0,1,0,1,1,0,0,0,1,0,0,1,No,NA
18-Nov-17,Ammo Priming,Credits,10000,Bronze mod variants unfin; Silver mod unfin; Silver mod variants unfin; Silver weap unfin; Silver weap variants unfin; Silver char unfin; Gold mod variants unfin; Gold weap unfin; Gold weap variants unfin; Gold char unfin; UR weap unfin; UR char unfin,0,0,0,0,0,0,0,0,7,1,0,0,No,NA
18-Nov-17,Reserves,Credits,100000,Bronze mod variants unfin; Silver mod unfin; Silver mod variants unfin; Silver weap unfin; Silver weap variants unfin; Silver char unfin; Gold mod variants unfin; Gold weap unfin; Gold weap variants unfin; Gold char unfin; UR weap unfin; UR char unfin,0,0,0,0,2,0,0,0,1,1,0,1,No,NA
18-Nov-17,Reserves,Credits,100000,Bronze mod variants unfin; Silver mod unfin; Silver mod variants unfin; Silver weap unfin; Silver weap variants unfin; Silver char unfin; Gold mod variants unfin; Gold weap unfin; Gold weap variants unfin; Gold char unfin; UR weap unfin; UR char unfin,0,1,0,0,2,0,0,0,1,0,0,1,No,NA
25-Nov-17,Reserves,Credits,100000,Bronze mod variants unfin; Silver mod unfin; Silver mod variants unfin; Silver weap unfin; Silver weap variants unfin; Silver char unfin; Gold mod variants unfin; Gold weap unfin; Gold weap variants unfin; Gold char unfin; UR weap unfin; UR char unfin,0,1,0,1,1,0,0,0,0,1,0,1,No,NA
25-Nov-17,Reserves,Credits,100000,Bronze mod variants unfin; Silver mod unfin; Silver mod variants unfin; Silver weap unfin; Silver weap variants unfin; Silver char unfin; Gold mod variants unfin; Gold weap unfin; Gold weap variants unfin; Gold char unfin; UR weap unfin; UR char unfin,0,0,0,1,1,0,0,1,1,0,0,1,No,NA
25-Nov-17,Advanced,Credits,20000,Bronze mod variants unfin; Silver mod unfin; Silver mod variants unfin; Silver weap unfin; Silver weap variants unfin; Silver char unfin; Gold mod variants unfin; Gold weap unfin; Gold weap variants unfin; Gold char unfin; UR weap unfin; UR char unfin,0,0,0,0,1,0,0,0,1,1,0,2,No,NA
25-Nov-17,Jumbo Supply,Credits,10000,Bronze mod variants unfin; Silver mod unfin; Silver mod variants unfin; Silver weap unfin; Silver weap variants unfin; Silver char unfin; Gold mod variants unfin; Gold weap unfin; Gold weap variants unfin; Gold char unfin; UR weap unfin; UR char unfin,0,0,0,0,0,0,0,5,0,0,0,20,No,NA
25-Nov-17,Ammo Priming,Credits,10000,Bronze mod variants unfin; Silver mod unfin; Silver mod variants unfin; Silver weap unfin; Silver weap variants unfin; Silver char unfin; Gold mod variants unfin; Gold weap unfin; Gold weap variants unfin; Gold char unfin; UR weap unfin; UR char unfin,0,0,0,0,0,0,0,0,6,2,0,0,No,NA
1-Dec-17,Reserves,Credits,100000,Bronze mod variants unfin; Silver mod unfin; Silver mod variants unfin; Silver weap unfin; Silver weap variants unfin; Silver char unfin; Gold mod variants unfin; Gold weap unfin; Gold weap variants unfin; Gold char unfin; UR weap unfin; UR char unfin,0,1,0,1,0,0,1,0,1,0,0,1,No,Krogan Gladiator VII
1-Dec-17,Advanced,Credits,20000,Bronze mod variants unfin; Silver mod unfin; Silver mod variants unfin; Silver weap unfin; Silver weap variants unfin; Silver char unfin; Gold mod variants unfin; Gold weap unfin; Gold weap variants unfin; Gold char unfin; UR weap unfin; UR char unfin,0,1,0,0,0,0,0,0,1,0,0,3,No,NA
1-Dec-17,Expert,Credits,50000,Bronze mod variants unfin; Silver mod unfin; Silver mod variants unfin; Silver weap unfin; Silver weap variants unfin; Silver char unfin; Gold mod variants unfin; Gold weap unfin; Gold weap variants unfin; Gold char unfin; UR weap unfin; UR char unfin,0,1,0,0,0,0,1,0,1,0,0,2,No,Batarian Vanguard II
1-Dec-17,Jumbo Supply,Credits,10000,Bronze mod variants unfin; Silver mod unfin; Silver mod variants unfin; Silver weap unfin; Silver weap variants unfin; Silver char unfin; Gold mod variants unfin; Gold weap unfin; Gold weap variants unfin; Gold char unfin; UR weap unfin; UR char unfin,0,0,0,0,0,0,0,5,0,0,0,20,No,NA
1-Dec-17,Jumbo Supply,Credits,10000,Bronze mod variants unfin; Silver mod unfin; Silver mod variants unfin; Silver weap unfin; Silver weap variants unfin; Silver char unfin; Gold mod variants unfin; Gold weap unfin; Gold weap variants unfin; Gold char unfin; UR weap unfin; UR char unfin,0,0,0,0,0,0,0,5,0,0,0,20,No,NA
1-Dec-17,Ammo Priming,Credits,10000,Bronze mod variants unfin; Silver mod unfin; Silver mod variants unfin; Silver weap unfin; Silver weap variants unfin; Silver char unfin; Gold mod variants unfin; Gold weap unfin; Gold weap variants unfin; Gold char unfin; UR weap unfin; UR char unfin,0,0,0,0,0,0,0,0,7,1,0,0,No,NA
2-Dec-17,Jumbo Supply,Credits,10000,Bronze mod variants unfin; Silver mod unfin; Silver mod variants unfin; Silver weap unfin; Silver weap variants unfin; Silver char unfin; Gold mod variants unfin; Gold weap unfin; Gold weap variants unfin; Gold char unfin; UR weap unfin; UR char unfin,0,0,0,0,0,0,0,5,0,0,0,20,No,NA
2-Dec-17,Ammo Priming,Credits,10000,Bronze mod variants unfin; Silver mod unfin; Silver mod variants unfin; Silver weap unfin; Silver weap variants unfin; Silver char unfin; Gold mod variants unfin; Gold weap unfin; Gold weap variants unfin; Gold char unfin; UR weap unfin; UR char unfin,0,0,0,0,0,0,0,0,6,2,0,0,No,NA
2-Dec-17,Reserves,Credits,100000,Bronze mod variants unfin; Silver mod unfin; Silver mod variants unfin; Silver weap unfin; Silver weap variants unfin; Silver char unfin; Gold mod variants unfin; Gold weap unfin; Gold weap variants unfin; Gold char unfin; UR weap unfin; UR char unfin,0,0,0,1,1,0,0,0,0,0,2,1,No,Cryo Ammo IV; Targeting VI IV
8-Dec-17,Advanced,Credits,20000,Bronze mod variants unfin; Silver mod unfin; Silver mod variants unfin; Silver weap unfin; Silver weap variants unfin; Silver char unfin; Gold mod variants unfin; Gold weap unfin; Gold weap variants unfin; Gold char unfin; UR weap unfin; UR char unfin,0,2,0,0,0,0,0,0,1,0,0,2,No,NA
8-Dec-17,Advanced,Credits,20000,Bronze mod variants unfin; Silver mod unfin; Silver mod variants unfin; Silver weap unfin; Silver weap variants unfin; Silver char unfin; Gold mod variants unfin; Gold weap unfin; Gold weap variants unfin; Gold char unfin; UR weap unfin; UR char unfin,0,1,0,0,0,0,0,0,1,1,0,2,Yes,M-5 Phalanx Concussive I
8-Dec-17,Advanced,Credits,20000,Bronze mod variants unfin; Silver mod unfin; Silver mod variants unfin; Silver weap unfin; Silver weap variants unfin; Silver char unfin; Gold mod variants unfin; Gold weap unfin; Gold weap variants unfin; Gold char unfin; UR weap unfin; UR char unfin,0,1,0,1,0,0,0,0,1,0,0,2,Yes,Sandstorm Concussive II
8-Dec-17,Advanced,Credits,20000,Bronze mod variants unfin; Silver mod unfin; Silver mod variants unfin; Silver weap unfin; Silver weap variants unfin; Silver char unfin; Gold mod variants unfin; Gold weap unfin; Gold weap variants unfin; Gold char unfin; UR weap unfin; UR char unfin,0,1,0,0,0,0,0,0,1,1,0,2,No,NA
8-Dec-17,Advanced,Credits,20000,Bronze mod variants unfin; Silver mod unfin; Silver mod variants unfin; Silver weap unfin; Silver weap variants unfin; Silver char unfin; Gold mod variants unfin; Gold weap unfin; Gold weap variants unfin; Gold char unfin; UR weap unfin; UR char unfin,0,1,0,0,0,0,0,0,1,1,0,2,No,NA
8-Dec-17,Advanced,Credits,20000,Bronze mod variants unfin; Silver mod unfin; Silver mod variants unfin; Silver weap unfin; Silver weap variants unfin; Silver char unfin; Gold mod variants unfin; Gold weap unfin; Gold weap variants unfin; Gold char unfin; UR weap unfin; UR char unfin,0,1,0,0,0,0,0,0,1,1,0,2,No,NA
8-Dec-17,Advanced,Credits,20000,Bronze mod variants unfin; Silver mod unfin; Silver mod variants unfin; Silver weap unfin; Silver weap variants unfin; Silver char unfin; Gold mod variants unfin; Gold weap unfin; Gold weap variants unfin; Gold char unfin; UR weap unfin; UR char unfin,0,1,0,0,0,0,0,0,2,1,0,1,No,NA
8-Dec-17,Advanced,Credits,20000,Bronze mod variants unfin; Silver mod unfin; Silver mod variants unfin; Silver weap unfin; Silver weap variants unfin; Silver char unfin; Gold mod variants unfin; Gold weap unfin; Gold weap variants unfin; Gold char unfin; UR weap unfin; UR char unfin,0,1,0,0,0,0,0,1,1,0,0,2,No,NA
8-Dec-17,Advanced,Credits,20000,Bronze mod variants unfin; Silver mod unfin; Silver mod variants unfin; Silver weap unfin; Silver weap variants unfin; Silver char unfin; Gold mod variants unfin; Gold weap unfin; Gold weap variants unfin; Gold char unfin; UR weap unfin; UR char unfin,0,1,0,0,0,0,0,0,1,0,0,3,No,NA
8-Dec-17,Advanced,Credits,20000,Bronze mod variants unfin; Silver mod unfin; Silver mod variants unfin; Silver weap unfin; Silver weap variants unfin; Silver char unfin; Gold mod variants unfin; Gold weap unfin; Gold weap variants unfin; Gold char unfin; UR weap unfin; UR char unfin,0,1,0,0,0,0,0,1,1,0,0,2,No,NA
8-Dec-17,Advanced,Credits,20000,Bronze mod variants unfin; Silver mod unfin; Silver mod variants unfin; Silver weap unfin; Silver weap variants unfin; Silver char unfin; Gold mod variants unfin; Gold weap unfin; Gold weap variants unfin; Gold char unfin; UR weap unfin; UR char unfin,0,1,0,0,0,0,0,0,2,0,0,2,No,NA
10-Dec-17,Advanced,Credits,20000,Bronze mod variants unfin; Silver mod unfin; Silver mod variants unfin; Silver weap unfin; Silver weap variants unfin; Silver char unfin; Gold mod variants unfin; Gold weap unfin; Gold weap variants unfin; Gold char unfin; UR weap unfin; UR char unfin,0,1,0,0,0,0,0,1,1,0,0,2,No,NA
10-Dec-17,Advanced,Credits,20000,Bronze mod variants unfin; Silver mod unfin; Silver mod variants unfin; Silver weap unfin; Silver weap variants unfin; Silver char unfin; Gold mod variants unfin; Gold weap unfin; Gold weap variants unfin; Gold char unfin; UR weap unfin; UR char unfin,0,1,0,0,0,0,0,0,1,0,0,3,No,NA
10-Dec-17,Advanced,Credits,20000,Bronze mod variants unfin; Silver mod unfin; Silver mod variants unfin; Silver weap unfin; Silver weap variants unfin; Silver char unfin; Gold mod variants unfin; Gold weap unfin; Gold weap variants unfin; Gold char unfin; UR weap unfin; UR char unfin,0,2,0,0,0,0,0,0,1,0,0,2,No,NA
10-Dec-17,Advanced,Credits,20000,Bronze mod variants unfin; Silver mod unfin; Silver mod variants unfin; Silver weap unfin; Silver weap variants unfin; Silver char unfin; Gold mod variants unfin; Gold weap unfin; Gold weap variants unfin; Gold char unfin; UR weap unfin; UR char unfin,0,0,0,1,0,0,0,0,2,0,0,2,No,NA
10-Dec-17,Advanced,Credits,20000,Bronze mod variants unfin; Silver mod unfin; Silver mod variants unfin; Silver weap unfin; Silver weap variants unfin; Silver char unfin; Gold mod variants unfin; Gold weap unfin; Gold weap variants unfin; Gold char unfin; UR weap unfin; UR char unfin,0,0,0,1,0,0,0,1,0,0,0,3,No,NA
10-Dec-17,Advanced,Credits,20000,Bronze mod variants unfin; Silver mod unfin; Silver mod variants unfin; Silver weap unfin; Silver weap variants unfin; Silver char unfin; Gold mod variants unfin; Gold weap unfin; Gold weap variants unfin; Gold char unfin; UR weap unfin; UR char unfin,0,1,0,0,0,0,0,0,1,1,0,2,Yes,M-5 Phalanx Bulwark I
19-Dec-17,Advanced,Credits,20000,Bronze mod variants unfin; Silver mod unfin; Silver mod variants unfin; Silver weap unfin; Silver weap variants unfin; Silver char unfin; Gold mod variants unfin; Gold weap unfin; Gold weap variants unfin; Gold char unfin; UR weap unfin; UR char unfin,0,1,0,0,0,0,0,1,0,0,0,3,No,NA
19-Dec-17,Advanced,Credits,20000,Bronze mod variants unfin; Silver mod unfin; Silver mod variants unfin; Silver weap unfin; Silver weap variants unfin; Silver char unfin; Gold mod variants unfin; Gold weap unfin; Gold weap variants unfin; Gold char unfin; UR weap unfin; UR char unfin,0,2,0,0,0,0,0,0,1,0,0,2,No,NA
19-Dec-17,Advanced,Credits,20000,Bronze mod variants unfin; Silver mod unfin; Silver mod variants unfin; Silver weap unfin; Silver weap variants unfin; Silver char unfin; Gold mod variants unfin; Gold weap unfin; Gold weap variants unfin; Gold char unfin; UR weap unfin; UR char unfin,0,1,0,0,0,0,0,0,1,1,0,2,No,NA
20-Dec-17,Advanced,Credits,20000,Bronze mod variants unfin; Silver mod unfin; Silver mod variants unfin; Silver weap unfin; Silver weap variants unfin; Silver char unfin; Gold mod variants unfin; Gold weap unfin; Gold weap variants unfin; Gold char unfin; UR weap unfin; UR char unfin,0,2,0,0,0,0,0,0,1,0,0,2,No,NA
20-Dec-17,Advanced,Credits,20000,Bronze mod variants unfin; Silver mod unfin; Silver mod variants unfin; Silver weap unfin; Silver weap variants unfin; Silver char unfin; Gold mod variants unfin; Gold weap unfin; Gold weap variants unfin; Gold char unfin; UR weap unfin; UR char unfin,0,1,0,0,0,0,0,1,2,0,0,1,No,NA
20-Dec-17,Ammo Priming,Credits,10000,Bronze mod variants unfin; Silver mod unfin; Silver mod variants unfin; Silver weap unfin; Silver weap variants unfin; Silver char unfin; Gold mod variants unfin; Gold weap unfin; Gold weap variants unfin; Gold char unfin; UR weap unfin; UR char unfin,0,0,0,0,0,0,0,0,7,1,0,0,No,NA
20-Dec-17,Expert,Credits,50000,Bronze mod variants unfin; Silver mod unfin; Silver mod variants unfin; Silver weap unfin; Silver weap variants unfin; Silver char unfin; Gold mod variants unfin; Gold weap unfin; Gold weap variants unfin; Gold char unfin; UR weap unfin; UR char unfin,0,1,0,0,0,1,0,0,1,0,0,2,No,Black Widow III
23-Dec-17,Arsenal,Credits,100000,Bronze mod variants unfin; Silver mod unfin; Silver mod variants unfin; Silver weap unfin; Silver weap variants unfin; Silver char unfin; Gold mod variants unfin; Gold weap unfin; Gold weap variants unfin; Gold char unfin; UR weap unfin; UR char unfin,0,0,0,2,0,0,0,0,0,2,0,1,No,NA
23-Dec-17,Advanced,Credits,20000,Bronze mod variants unfin; Silver mod unfin; Silver mod variants unfin; Silver weap unfin; Silver weap variants unfin; Silver char unfin; Gold mod variants unfin; Gold weap unfin; Gold weap variants unfin; Gold char unfin; UR weap unfin; UR char unfin,0,1,0,0,1,0,0,1,0,0,0,2,No,NA
23-Dec-17,Jumbo Supply,Credits,10000,Bronze mod variants unfin; Silver mod unfin; Silver mod variants unfin; Silver weap unfin; Silver weap variants unfin; Silver char unfin; Gold mod variants unfin; Gold weap unfin; Gold weap variants unfin; Gold char unfin; UR weap unfin; UR char unfin,0,0,0,0,0,0,0,5,0,0,0,20,No,NA
23-Dec-17,Ammo Priming,Credits,10000,Bronze mod variants unfin; Silver mod unfin; Silver mod variants unfin; Silver weap unfin; Silver weap variants unfin; Silver char unfin; Gold mod variants unfin; Gold weap unfin; Gold weap variants unfin; Gold char unfin; UR weap unfin; UR char unfin,0,0,0,0,0,0,0,0,7,0,1,0,No,NA
30-Dec-17,Expert,Credits,50000,Bronze mod variants unfin; Silver mod unfin; Silver mod variants unfin; Silver weap unfin; Silver weap variants unfin; Silver char unfin; Gold mod variants unfin; Gold weap unfin; Gold weap variants unfin; Gold char unfin; UR weap unfin; UR char unfin,0,0,0,1,0,0,0,1,0,1,0,2,No,NA
30-Dec-17,Advanced,Credits,20000,Bronze mod variants unfin; Silver mod unfin; Silver mod variants unfin; Silver weap unfin; Silver weap variants unfin; Silver char unfin; Gold mod variants unfin; Gold weap unfin; Gold weap variants unfin; Gold char unfin; UR weap unfin; UR char unfin,0,1,0,0,0,0,0,3,0,0,0,1,No,NA
5-Jan-18,Advanced,Credits,20000,Bronze mod variants unfin; Silver mod unfin; Silver mod variants unfin; Silver weap unfin; Silver weap variants unfin; Silver char unfin; Gold mod variants unfin; Gold weap unfin; Gold weap variants unfin; Gold char unfin; UR weap unfin; UR char unfin,0,1,0,0,0,0,0,0,1,0,0,3,No,NA
5-Jan-18,Advanced,Credits,20000,Bronze mod variants unfin; Silver mod unfin; Silver mod variants unfin; Silver weap unfin; Silver weap variants unfin; Silver char unfin; Gold mod variants unfin; Gold weap unfin; Gold weap variants unfin; Gold char unfin; UR weap unfin; UR char unfin,0,2,0,0,0,0,0,0,1,0,0,2,No,NA
5-Jan-18,Advanced,Credits,20000,Bronze mod variants unfin; Silver mod unfin; Silver mod variants unfin; Silver weap unfin; Silver weap variants unfin; Silver char unfin; Gold mod variants unfin; Gold weap unfin; Gold weap variants unfin; Gold char unfin; UR weap unfin; UR char unfin,0,2,0,0,0,0,0,1,1,0,0,1,No,NA
5-Jan-18,Advanced,Credits,20000,Bronze mod variants unfin; Silver mod unfin; Silver mod variants unfin; Silver weap unfin; Silver weap variants unfin; Silver char unfin; Gold mod variants unfin; Gold weap unfin; Gold weap variants unfin; Gold char unfin; UR weap unfin; UR char unfin,0,1,0,0,0,0,0,1,0,1,0,2,No,NA
5-Jan-18,Advanced,Credits,20000,Bronze mod variants unfin; Silver mod unfin; Silver mod variants unfin; Silver weap unfin; Silver weap variants unfin; Silver char unfin; Gold mod variants unfin; Gold weap unfin; Gold weap variants unfin; Gold char unfin; UR weap unfin; UR char unfin,0,1,0,0,0,0,0,1,1,0,0,2,No,NA
5-Jan-18,Advanced,Credits,20000,Bronze mod variants unfin; Silver mod unfin; Silver mod variants unfin; Silver weap unfin; Silver weap variants unfin; Silver char unfin; Gold mod variants unfin; Gold weap unfin; Gold weap variants unfin; Gold char unfin; UR weap unfin; UR char unfin,0,2,0,0,0,0,0,0,1,0,0,2,No,NA
5-Jan-18,Advanced,Credits,20000,Bronze mod variants unfin; Silver mod unfin; Silver mod variants unfin; Silver weap unfin; Silver weap variants unfin; Silver char unfin; Gold mod variants unfin; Gold weap unfin; Gold weap variants unfin; Gold char unfin; UR weap unfin; UR char unfin,0,1,0,0,0,0,0,1,1,0,0,2,No,NA
5-Jan-18,Advanced,Credits,20000,Bronze mod variants unfin; Silver mod unfin; Silver mod variants unfin; Silver weap unfin; Silver weap variants unfin; Silver char unfin; Gold mod variants unfin; Gold weap unfin; Gold weap variants unfin; Gold char unfin; UR weap unfin; UR char unfin,0,1,0,0,0,0,0,1,0,1,0,2,Yes,Widow Concussive I
5-Jan-18,Advanced,Credits,20000,Bronze mod variants unfin; Silver mod unfin; Silver mod variants unfin; Silver weap unfin; Silver weap variants unfin; Silver char unfin; Gold mod variants unfin; Gold weap unfin; Gold weap variants unfin; Gold char unfin; UR weap unfin; UR char unfin,0,1,0,0,0,0,0,1,0,1,0,2,No,NA
5-Jan-18,Advanced,Credits,20000,Bronze mod variants unfin; Silver mod unfin; Silver mod variants unfin; Silver weap unfin; Silver weap variants unfin; Silver char unfin; Gold mod variants unfin; Gold weap unfin; Gold weap variants unfin; Gold char unfin; UR weap unfin; UR char unfin,0,1,0,0,0,0,0,1,1,0,0,2,No,NA
5-Jan-18,Advanced,Credits,20000,Bronze mod variants unfin; Silver mod unfin; Silver mod variants unfin; Silver weap unfin; Silver weap variants unfin; Silver char unfin; Gold mod variants unfin; Gold weap unfin; Gold weap variants unfin; Gold char unfin; UR weap unfin; UR char unfin,0,2,0,0,0,0,0,0,1,0,0,2,Yes,M-5 Phalanx Concussive II
6-Jan-18,Advanced,Credits,20000,Bronze mod variants unfin; Silver mod unfin; Silver mod variants unfin; Silver weap unfin; Silver weap variants unfin; Silver char unfin; Gold mod variants unfin; Gold weap unfin; Gold weap variants unfin; Gold char unfin; UR weap unfin; UR char unfin,0,2,0,0,0,0,0,0,2,0,0,1,No,NA
6-Jan-18,Advanced,Credits,20000,Bronze mod variants unfin; Silver mod unfin; Silver mod variants unfin; Silver weap unfin; Silver weap variants unfin; Silver char unfin; Gold mod variants unfin; Gold weap unfin; Gold weap variants unfin; Gold char unfin; UR weap unfin; UR char unfin,0,1,0,0,0,0,0,1,1,0,0,2,No,NA
6-Jan-18,Advanced,Credits,20000,Bronze mod variants unfin; Silver mod unfin; Silver mod variants unfin; Silver weap unfin; Silver weap variants unfin; Silver char unfin; Gold mod variants unfin; Gold weap unfin; Gold weap variants unfin; Gold char unfin; UR weap unfin; UR char unfin,0,1,0,0,0,0,0,2,0,0,0,2,No,NA
6-Jan-18,Advanced,Credits,20000,Bronze mod variants unfin; Silver mod unfin; Silver mod variants unfin; Silver weap unfin; Silver weap variants unfin; Silver char unfin; Gold mod variants unfin; Gold weap unfin; Gold weap variants unfin; Gold char unfin; UR weap unfin; UR char unfin,0,1,0,0,0,0,0,0,2,0,0,2,No,NA
6-Jan-18,Advanced,Credits,20000,Bronze mod variants unfin; Silver mod unfin; Silver mod variants unfin; Silver weap unfin; Silver weap variants unfin; Silver char unfin; Gold mod variants unfin; Gold weap unfin; Gold weap variants unfin; Gold char unfin; UR weap unfin; UR char unfin,0,0,0,0,1,0,0,1,1,1,0,1,No,NA
6-Jan-18,Advanced,Credits,20000,Bronze mod variants unfin; Silver mod unfin; Silver mod variants unfin; Silver weap unfin; Silver weap variants unfin; Silver char unfin; Gold mod variants unfin; Gold weap unfin; Gold weap variants unfin; Gold char unfin; UR weap unfin; UR char unfin,0,2,0,0,0,0,0,2,0,0,0,1,No,NA
6-Jan-18,Advanced,Credits,20000,Bronze mod variants unfin; Silver mod unfin; Silver mod variants unfin; Silver weap unfin; Silver weap variants unfin; Silver char unfin; Gold mod variants unfin; Gold weap unfin; Gold weap variants unfin; Gold char unfin; UR weap unfin; UR char unfin,0,1,0,0,0,0,0,1,0,1,0,2,No,NA
6-Jan-18,Advanced,Credits,20000,Bronze mod variants unfin; Silver mod unfin; Silver mod variants unfin; Silver weap unfin; Silver weap variants unfin; Silver char unfin; Gold mod variants unfin; Gold weap unfin; Gold weap variants unfin; Gold char unfin; UR weap unfin; UR char unfin,0,1,0,0,0,0,0,0,1,0,0,3,No,NA
6-Jan-18,Advanced,Credits,20000,Bronze mod variants unfin; Silver mod unfin; Silver mod variants unfin; Silver weap unfin; Silver weap variants unfin; Silver char unfin; Gold mod variants unfin; Gold weap unfin; Gold weap variants unfin; Gold char unfin; UR weap unfin; UR char unfin,0,2,0,0,0,0,0,0,1,1,0,1,No,NA
8-Jan-18,Advanced,Credits,20000,Bronze mod variants unfin; Silver mod unfin; Silver mod variants unfin; Silver weap unfin; Silver weap variants unfin; Silver char unfin; Gold mod variants unfin; Gold weap unfin; Gold weap variants unfin; Gold char unfin; UR weap unfin; UR char unfin,0,2,0,0,0,0,0,1,1,0,0,1,No,NA
8-Jan-18,Advanced,Credits,20000,Bronze mod variants unfin; Silver mod unfin; Silver mod variants unfin; Silver weap unfin; Silver weap variants unfin; Silver char unfin; Gold mod variants unfin; Gold weap unfin; Gold weap variants unfin; Gold char unfin; UR weap unfin; UR char unfin,0,0,0,0,1,0,0,1,1,1,0,1,No,NA
8-Jan-18,Advanced,Credits,20000,Bronze mod variants unfin; Silver mod unfin; Silver mod variants unfin; Silver weap unfin; Silver weap variants unfin; Silver char unfin; Gold mod variants unfin; Gold weap unfin; Gold weap variants unfin; Gold char unfin; UR weap unfin; UR char unfin,0,1,0,1,0,0,0,1,1,0,0,1,No,NA
8-Jan-18,Advanced,Credits,20000,Bronze mod variants unfin; Silver mod unfin; Silver mod variants unfin; Silver weap unfin; Silver weap variants unfin; Silver char unfin; Gold mod variants unfin; Gold weap unfin; Gold weap variants unfin; Gold char unfin; UR weap unfin; UR char unfin,0,1,0,0,0,0,0,1,1,0,0,2,No,NA
8-Jan-18,Advanced,Credits,20000,Bronze mod variants unfin; Silver mod unfin; Silver mod variants unfin; Silver weap unfin; Silver weap variants unfin; Silver char unfin; Gold mod variants unfin; Gold weap unfin; Gold weap variants unfin; Gold char unfin; UR weap unfin; UR char unfin,0,1,0,0,0,0,0,0,2,0,0,2,No,NA
10-Jan-18,Advanced,Credits,20000,Bronze mod variants unfin; Silver mod unfin; Silver mod variants unfin; Silver weap unfin; Silver weap variants unfin; Silver char unfin; Gold mod variants unfin; Gold weap unfin; Gold weap variants unfin; Gold char unfin; UR weap unfin; UR char unfin,0,1,0,0,0,0,0,0,1,0,0,3,No,NA
10-Jan-18,Jumbo Supply,Credits,10000,Bronze mod variants unfin; Silver mod unfin; Silver mod variants unfin; Silver weap unfin; Silver weap variants unfin; Silver char unfin; Gold mod variants unfin; Gold weap unfin; Gold weap variants unfin; Gold char unfin; UR weap unfin; UR char unfin,0,0,0,0,0,0,0,5,0,0,0,20,No,NA
12-Jan-18,Advanced,Credits,20000,Bronze mod variants unfin; Silver mod unfin; Silver mod variants unfin; Silver weap unfin; Silver weap variants unfin; Silver char unfin; Gold mod variants unfin; Gold weap unfin; Gold weap variants unfin; Gold char unfin; UR weap unfin; UR char unfin,0,1,0,0,0,0,0,1,1,0,0,2,No,NA
12-Jan-18,Advanced,Credits,20000,Bronze mod variants unfin; Silver mod unfin; Silver mod variants unfin; Silver weap unfin; Silver weap variants unfin; Silver char unfin; Gold mod variants unfin; Gold weap unfin; Gold weap variants unfin; Gold char unfin; UR weap unfin; UR char unfin,0,1,0,0,0,0,0,2,0,0,0,2,No,NA
12-Jan-18,Advanced,Credits,20000,Bronze mod variants unfin; Silver mod unfin; Silver mod variants unfin; Silver weap unfin; Silver weap variants unfin; Silver char unfin; Gold mod variants unfin; Gold weap unfin; Gold weap variants unfin; Gold char unfin; UR weap unfin; UR char unfin,0,1,0,0,0,0,0,0,1,1,0,2,No,NA
12-Jan-18,Advanced,Credits,20000,Bronze mod variants unfin; Silver mod unfin; Silver mod variants unfin; Silver weap unfin; Silver weap variants unfin; Silver char unfin; Gold mod variants unfin; Gold weap unfin; Gold weap variants unfin; Gold char unfin; UR weap unfin; UR char unfin,0,0,0,1,0,0,0,1,1,0,0,2,No,NA
12-Jan-18,Advanced,Credits,20000,Bronze mod variants unfin; Silver mod unfin; Silver mod variants unfin; Silver weap unfin; Silver weap variants unfin; Silver char unfin; Gold mod variants unfin; Gold weap unfin; Gold weap variants unfin; Gold char unfin; UR weap unfin; UR char unfin,0,1,0,0,0,0,0,0,1,0,0,3,No,NA
12-Jan-18,Advanced,Credits,20000,Bronze mod variants unfin; Silver mod unfin; Silver mod variants unfin; Silver weap unfin; Silver weap variants unfin; Silver char unfin; Gold mod variants unfin; Gold weap unfin; Gold weap variants unfin; Gold char unfin; UR weap unfin; UR char unfin,0,1,0,0,0,0,0,1,0,0,0,3,No,NA
12-Jan-18,Advanced,Credits,20000,Bronze mod variants unfin; Silver mod unfin; Silver mod variants unfin; Silver weap unfin; Silver weap variants unfin; Silver char unfin; Gold mod variants unfin; Gold weap unfin; Gold weap variants unfin; Gold char unfin; UR weap unfin; UR char unfin,0,1,0,0,0,0,0,0,2,1,0,1,No,NA
12-Jan-18,Advanced,Credits,20000,Bronze mod variants unfin; Silver mod unfin; Silver mod variants unfin; Silver weap unfin; Silver weap variants unfin; Silver char unfin; Gold mod variants unfin; Gold weap unfin; Gold weap variants unfin; Gold char unfin; UR weap unfin; UR char unfin,0,1,0,0,0,0,0,0,1,0,0,3,No,NA
13-Jan-18,Advanced,Credits,20000,Bronze mod variants unfin; Silver mod unfin; Silver mod variants unfin; Silver weap unfin; Silver weap variants unfin; Silver char unfin; Gold mod variants unfin; Gold weap unfin; Gold weap variants unfin; Gold char unfin; UR weap unfin; UR char unfin,0,1,0,0,0,0,0,0,2,0,0,2,No,NA
13-Jan-18,Advanced,Credits,20000,Bronze mod variants unfin; Silver mod unfin; Silver mod variants unfin; Silver weap unfin; Silver weap variants unfin; Silver char unfin; Gold mod variants unfin; Gold weap unfin; Gold weap variants unfin; Gold char unfin; UR weap unfin; UR char unfin,0,1,0,0,0,0,0,0,2,0,0,2,Yes,Cyclone Concussive I
13-Jan-18,Advanced,Credits,20000,Bronze mod variants unfin; Silver mod unfin; Silver mod variants unfin; Silver weap unfin; Silver weap variants unfin; Silver char unfin; Gold mod variants unfin; Gold weap unfin; Gold weap variants unfin; Gold char unfin; UR weap unfin; UR char unfin,0,1,0,0,0,0,0,2,1,0,0,1,No,NA
13-Jan-18,Advanced,Credits,20000,Bronze mod variants unfin; Silver mod unfin; Silver mod variants unfin; Silver weap unfin; Silver weap variants unfin; Silver char unfin; Gold mod variants unfin; Gold weap unfin; Gold weap variants unfin; Gold char unfin; UR weap unfin; UR char unfin,0,1,0,0,0,0,0,0,1,0,0,3,No,NA
13-Jan-18,Advanced,Credits,20000,Bronze mod variants unfin; Silver mod unfin; Silver mod variants unfin; Silver weap unfin; Silver weap variants unfin; Gold mod variants unfin; Gold weap unfin; Gold weap variants unfin; Gold char unfin; UR weap unfin; UR char unfin,0,1,0,0,0,0,0,1,1,0,0,2,No,NA
15-Jan-18,Expert,Credits,50000,Bronze mod variants unfin; Silver mod unfin; Silver mod variants unfin; Silver weap unfin; Silver weap variants unfin; Gold mod variants unfin; Gold weap unfin; Gold weap variants unfin; Gold char unfin; UR weap unfin; UR char unfin,0,1,0,1,0,0,0,0,1,0,0,2,No,NA
15-Jan-18,Jumbo Supply,Credits,10000,Bronze mod variants unfin; Silver mod unfin; Silver mod variants unfin; Silver weap unfin; Silver weap variants unfin; Gold mod variants unfin; Gold weap unfin; Gold weap variants unfin; Gold char unfin; UR weap unfin; UR char unfin,0,0,0,0,0,0,0,5,0,0,0,20,No,NA
16-Jan-18,Expert,Credits,50000,Bronze mod variants unfin; Silver mod unfin; Silver mod variants unfin; Silver weap unfin; Silver weap variants unfin; Gold mod variants unfin; Gold weap unfin; Gold weap variants unfin; Gold char unfin; UR weap unfin; UR char unfin,0,0,0,1,0,0,0,1,1,1,0,1,No,NA
16-Jan-18,Expert,Credits,50000,Bronze mod variants unfin; Silver mod unfin; Silver mod variants unfin; Silver weap unfin; Silver weap variants unfin; Gold mod variants unfin; Gold weap unfin; Gold weap variants unfin; Gold char unfin; UR weap unfin; UR char unfin,0,0,0,1,0,0,0,0,1,1,0,2,No,NA
17-Jan-18,Expert,Credits,50000,Bronze mod variants unfin; Silver mod unfin; Silver mod variants unfin; Silver weap unfin; Silver weap variants unfin; Gold mod variants unfin; Gold weap unfin; Gold weap variants unfin; Gold char unfin; UR weap unfin; UR char unfin,0,0,0,0,1,0,0,0,1,1,1,1,No,Biotic Power Amp IV
19-Jan-18,Expert,Credits,50000,Bronze mod variants unfin; Silver mod unfin; Silver mod variants unfin; Silver weap unfin; Silver weap variants unfin; Gold mod variants unfin; Gold weap unfin; Gold weap variants unfin; Gold char unfin; UR weap unfin; UR char unfin,0,0,0,1,0,0,0,0,1,0,1,2,Yes,Revenant Bulwark I
19-Jan-18,Expert,Credits,50000,Bronze mod variants unfin; Silver mod unfin; Silver mod variants unfin; Silver weap unfin; Silver weap variants unfin; Gold mod variants unfin; Gold weap unfin; Gold weap variants unfin; Gold char unfin; UR weap unfin; UR char unfin,0,2,0,1,0,0,0,1,0,0,0,1,Yes,M-5 Phalanx Bulwark II
19-Jan-18,Expert,Credits,50000,Bronze mod variants unfin; Silver mod unfin; Silver mod variants unfin; Silver weap unfin; Silver weap variants unfin; Gold mod variants unfin; Gold weap unfin; Gold weap variants unfin; Gold char unfin; UR weap unfin; UR char unfin,0,1,0,0,1,0,0,0,1,1,0,1,No,NA
19-Jan-18,Expert,Credits,50000,Bronze mod variants unfin; Silver mod unfin; Silver mod variants unfin; Silver weap unfin; Silver weap variants unfin; Gold mod variants unfin; Gold weap unfin; Gold weap variants unfin; Gold char unfin; UR weap unfin; UR char unfin,0,0,0,1,1,0,0,0,1,0,0,2,No,NA
19-Jan-18,Expert,Credits,50000,Bronze mod variants unfin; Silver mod unfin; Silver mod variants unfin; Silver weap unfin; Silver weap variants unfin; Gold mod variants unfin; Gold weap unfin; Gold weap variants unfin; Gold char unfin; UR weap unfin; UR char unfin,0,0,0,1,0,0,0,0,1,1,0,2,No,NA
19-Jan-18,Expert,Credits,50000,Bronze mod variants unfin; Silver mod unfin; Silver mod variants unfin; Silver weap unfin; Silver weap variants unfin; Gold mod variants unfin; Gold weap unfin; Gold weap variants unfin; Gold char unfin; UR weap unfin; UR char unfin,0,1,0,1,0,0,0,1,1,0,0,1,No,NA
20-Jan-18,Expert,Credits,50000,Bronze mod variants unfin; Silver mod unfin; Silver mod variants unfin; Silver weap unfin; Silver weap variants unfin; Gold mod variants unfin; Gold weap unfin; Gold weap variants unfin; Gold char unfin; UR weap unfin; UR char unfin,0,1,0,1,0,0,0,0,1,0,0,2,No,NA
20-Jan-18,Expert,Credits,50000,Bronze mod variants unfin; Silver mod unfin; Silver mod variants unfin; Silver weap unfin; Silver weap variants unfin; Gold mod variants unfin; Gold weap unfin; Gold weap variants unfin; Gold char unfin; UR weap unfin; UR char unfin,0,0,0,1,0,0,0,0,1,2,0,1,No,NA
20-Jan-18,Expert,Credits,50000,Bronze mod variants unfin; Silver mod unfin; Silver mod variants unfin; Silver weap unfin; Silver weap variants unfin; Gold mod variants unfin; Gold weap variants unfin; Gold char unfin; UR weap unfin; UR char unfin,0,1,0,0,1,0,0,1,1,0,0,1,No,NA
20-Jan-18,Expert,Credits,50000,Bronze mod variants unfin; Silver mod unfin; Silver mod variants unfin; Silver weap unfin; Silver weap variants unfin; Gold mod variants unfin; Gold weap variants unfin; UR weap unfin; UR char unfin,0,1,0,1,0,0,0,1,0,0,1,1,Yes,Scorpion Bulwark I; Cryo Ammo IV
20-Jan-18,Expert,Credits,50000,Bronze mod variants unfin; Silver mod unfin; Silver mod variants unfin; Silver weap unfin; Silver weap variants unfin; Gold mod variants unfin; Gold weap variants unfin; UR weap unfin; UR char unfin,0,1,0,1,0,0,0,0,1,1,0,1,Yes,Equalizer Bulwark I
20-Jan-18,Jumbo Supply,Credits,10000,Bronze mod variants unfin; Silver mod unfin; Silver mod variants unfin; Silver weap unfin; Silver weap variants unfin; Gold mod variants unfin; Gold weap variants unfin; UR weap unfin; UR char unfin,0,0,0,0,0,0,0,5,0,0,0,20,No,NA
20-Jan-18,Jumbo Supply,Credits,10000,Bronze mod variants unfin; Silver mod unfin; Silver mod variants unfin; Silver weap unfin; Silver weap variants unfin; Gold mod variants unfin; Gold weap variants unfin; UR weap unfin; UR char unfin,0,0,0,0,0,0,0,5,0,0,0,20,No,NA
20-Jan-18,Jumbo Supply,Credits,10000,Bronze mod variants unfin; Silver mod unfin; Silver mod variants unfin; Silver weap unfin; Silver weap variants unfin; Gold mod variants unfin; Gold weap variants unfin; UR weap unfin; UR char unfin,0,0,0,0,0,0,0,5,0,0,0,20,No,NA
20-Jan-18,Premium,Credits,100000,Bronze mod variants unfin; Silver mod unfin; Silver mod variants unfin; Silver weap unfin; Silver weap variants unfin; Gold mod variants unfin; Gold weap variants unfin; UR weap unfin; UR char unfin,0,1,0,2,0,0,0,0,0,0,1,1,Yes,Sidewinder Siphon I; Thokin Siphon I; Power Capacity Mod IV
20-Jan-18,Premium,Credits,100000,Bronze mod variants unfin; Silver mod unfin; Silver mod variants unfin; Silver weap unfin; Silver weap variants unfin; Gold mod variants unfin; Gold weap variants unfin; UR weap unfin; UR char unfin,0,1,0,2,0,0,0,0,0,0,1,1,Yes,Universal Power Amp IV; X5 Ghost Bulwark I; M-8 Avenger Bulwark I
21-Jan-18,Jumbo Supply,Credits,10000,Bronze mod variants unfin; Silver mod unfin; Silver mod variants unfin; Silver weap unfin; Silver weap variants unfin; Gold mod variants unfin; Gold weap variants unfin; UR weap unfin; UR char unfin,0,0,0,0,0,0,0,5,0,0,0,20,No,NA
21-Jan-18,Jumbo Supply,Credits,10000,Bronze mod variants unfin; Silver mod unfin; Silver mod variants unfin; Silver weap unfin; Silver weap variants unfin; Gold mod variants unfin; Gold weap variants unfin; UR weap unfin; UR char unfin,0,0,0,0,0,0,0,5,0,0,0,20,No,NA
21-Jan-18,Ammo Priming,Credits,10000,Bronze mod variants unfin; Silver mod unfin; Silver mod variants unfin; Silver weap unfin; Silver weap variants unfin; Gold mod variants unfin; Gold weap variants unfin; UR weap unfin; UR char unfin,0,0,0,0,0,0,0,0,6,2,0,0,No,NA
21-Jan-18,Premium,Credits,100000,Bronze mod variants unfin; Silver mod unfin; Silver mod variants unfin; Silver weap unfin; Silver weap variants unfin; Gold mod variants unfin; Gold weap variants unfin; UR weap unfin; UR char unfin,0,0,0,1,0,0,1,0,1,0,1,1,Yes,Batarian Vanguard III; M-25 Hornet Bulwark II; Shotgun Rail Amp IV
21-Jan-18,Premium,Credits,100000,Bronze mod variants unfin; Silver mod unfin; Silver mod variants unfin; Silver weap unfin; Silver weap variants unfin; Gold mod variants unfin; Gold weap variants unfin; UR weap unfin; UR char unfin,0,1,0,2,0,0,0,0,1,0,0,1,Yes,Talon Bulwark I; Sweeper Siphon I
21-Jan-18,Premium,Credits,100000,Bronze mod variants unfin; Silver mod unfin; Silver mod variants unfin; Silver weap variants unfin; Gold mod variants unfin; Gold weap variants unfin; UR weap unfin; UR char unfin,0,0,0,2,0,0,0,1,0,1,0,1,Yes,Indra Concussive II; M-8 Avenger Concussive III
21-Jan-18,Premium,Credits,100000,Bronze mod variants unfin; Silver mod unfin; Silver mod variants unfin; Silver weap variants unfin; Gold mod variants unfin; Gold weap variants unfin; UR weap unfin; UR char unfin,0,0,0,2,0,0,0,1,1,0,0,1,Yes,Reegar Carbine Bulwark I; M-23 Katana Bulwark I
22-Jan-18,Jumbo Supply,Credits,10000,Bronze mod variants unfin; Silver mod unfin; Silver mod variants unfin; Silver weap variants unfin; Gold mod variants unfin; Gold weap variants unfin; UR weap unfin; UR char unfin,0,0,0,0,0,0,0,5,0,0,0,20,No,NA
23-Jan-18,Premium,Credits,100000,Bronze mod variants unfin; Silver mod unfin; Silver mod variants unfin; Silver weap variants unfin; Gold mod variants unfin; Gold weap variants unfin; UR weap unfin; UR char unfin,0,1,0,2,0,0,0,0,1,0,0,1,Yes,M-3 Predator Concussive I; Sidewinder Concussive I
24-Jan-18,Premium,Credits,100000,Bronze mod variants unfin; Silver mod unfin; Silver mod variants unfin; Silver weap variants unfin; Gold mod variants unfin; Gold weap variants unfin; UR weap unfin; UR char unfin,0,0,0,1,0,0,1,1,0,1,0,1,Yes,Batarian Vanguard IV; Hesh Concussive I
26-Jan-18,Premium,Credits,100000,Bronze mod variants unfin; Silver mod unfin; Silver mod variants unfin; Silver weap variants unfin; Gold mod variants unfin; Gold weap variants unfin; UR weap unfin; UR char unfin,0,1,0,2,0,0,0,1,0,0,0,1,Yes,M-8 Avenger Concussive IV; M-8 Avenger Siphon I
26-Jan-18,Premium,Credits,100000,Bronze mod variants unfin; Silver mod unfin; Silver mod variants unfin; Silver weap variants unfin; Gold mod variants unfin; Gold weap variants unfin; UR weap unfin; UR char unfin,0,0,0,2,0,0,0,1,1,0,0,1,Yes,Sweeper Bulwark I; Viper Siphon I
26-Jan-18,Premium,Credits,100000,Bronze mod variants unfin; Silver mod unfin; Silver mod variants unfin; Silver weap variants unfin; Gold mod variants unfin; Gold weap variants unfin; UR weap unfin; UR char unfin,0,0,0,2,0,0,0,1,0,1,0,1,Yes,Scattershot Conussive III; Lanat Siphon I
26-Jan-18,Jumbo Supply,Credits,10000,Bronze mod variants unfin; Silver mod unfin; Silver mod variants unfin; Silver weap variants unfin; Gold mod variants unfin; Gold weap variants unfin; UR weap unfin; UR char unfin,0,0,0,0,0,0,0,5,0,0,0,20,No,NA
26-Jan-18,Jumbo Supply,Credits,10000,Bronze mod variants unfin; Silver mod unfin; Silver mod variants unfin; Silver weap variants unfin; Gold mod variants unfin; Gold weap variants unfin; UR weap unfin; UR char unfin,0,0,0,0,0,0,0,5,0,0,0,20,No,NA
27-Jan-18,Premium,Credits,100000,Bronze mod variants unfin; Silver mod unfin; Silver mod variants unfin; Silver weap variants unfin; Gold mod variants unfin; Gold weap variants unfin; UR weap unfin; UR char unfin,0,1,0,2,0,0,0,0,1,0,0,1,Yes,Viper Siphon II; Vanquisher Bulwark I
27-Jan-18,Premium,Credits,100000,Bronze mod variants unfin; Silver mod unfin; Silver mod variants unfin; Silver weap variants unfin; Gold mod variants unfin; Gold weap variants unfin; UR weap unfin; UR char unfin,0,1,0,1,0,0,1,0,1,0,0,1,Yes,Shadow Siphon I; Batarian Vanguard V
27-Jan-18,Jumbo Supply,Credits,10000,Bronze mod variants unfin; Silver mod unfin; Silver mod variants unfin; Silver weap variants unfin; Gold mod variants unfin; Gold weap variants unfin; UR weap unfin; UR char unfin,0,0,0,0,0,0,0,5,0,0,0,20,No,NA
27-Jan-18,Ammo Priming,Credits,10000,Bronze mod variants unfin; Silver mod unfin; Silver mod variants unfin; Silver weap variants unfin; Gold mod variants unfin; Gold weap variants unfin; UR weap unfin; UR char unfin,0,0,0,0,0,0,0,0,7,0,1,0,No,Disruptor Ammo IV
29-Jan-18,Premium,Credits,100000,Bronze mod variants unfin; Silver mod unfin; Silver mod variants unfin; Silver weap variants unfin; Gold mod variants unfin; Gold weap variants unfin; UR weap unfin; UR char unfin,0,1,0,1,0,0,1,0,1,0,0,1,Yes,Asari Duelist X; Scattershot Bulwark IV
29-Jan-18,Premium,Credits,100000,Bronze mod variants unfin; Silver mod unfin; Silver mod variants unfin; Silver weap variants unfin; Gold mod variants unfin; Gold weap variants unfin; UR weap unfin; UR char unfin,0,0,0,1,0,0,1,0,1,0,1,1,Yes,M-90 Indra Siphon I; Angara Exemplar X; Shotgun Rail Amp IV
29-Jan-18,Premium,Credits,100000,Bronze mod variants unfin; Silver mod unfin; Silver mod variants unfin; Silver weap variants unfin; Gold mod variants unfin; Gold weap variants unfin; UR weap unfin; UR char unfin,0,1,0,2,0,0,0,0,0,1,0,1,Yes,Shadow Bulwark I; M-3 Predator Bulwark I
29-Jan-18,Jumbo Supply,Credits,10000,Bronze mod variants unfin; Silver mod variants unfin; Silver weap variants unfin; Gold mod variants unfin; Gold weap variants unfin; UR weap unfin; UR char unfin,0,0,0,0,0,0,0,5,0,0,0,20,No,NA
29-Jan-18,Jumbo Supply,Credits,10000,Bronze mod variants unfin; Silver mod variants unfin; Silver weap variants unfin; Gold mod variants unfin; Gold weap variants unfin; UR weap unfin; UR char unfin,0,0,0,0,0,0,0,5,0,0,0,20,No,NA
29-Jan-18,Ammo Priming,Credits,10000,Bronze mod variants unfin; Silver mod variants unfin; Silver weap variants unfin; Gold mod variants unfin; Gold weap variants unfin; UR weap unfin; UR char unfin,0,0,0,0,0,0,0,0,7,1,0,0,No,NA
31-Jan-18,Jumbo Supply,Credits,10000,Bronze mod variants unfin; Silver mod variants unfin; Silver weap variants unfin; Gold mod variants unfin; Gold weap variants unfin; UR weap unfin; UR char unfin,0,0,0,0,0,0,0,5,0,0,0,20,No,NA
31-Jan-18,Premium,Credits,100000,Bronze mod variants unfin; Silver mod variants unfin; Silver weap variants unfin; Gold mod variants unfin; Gold weap variants unfin; UR weap unfin; UR char unfin,0,1,0,2,0,0,0,0,1,0,0,1,Yes,Sweeper Bulwark II; Viper Siphon III; M-5 Phalanx Concussive III
2-Feb-18,Jumbo Supply,Credits,10000,Bronze mod variants unfin; Silver mod variants unfin; Silver weap variants unfin; Gold mod variants unfin; Gold weap variants unfin; UR weap unfin; UR char unfin,0,0,0,0,0,0,0,5,0,0,0,20,No,NA
2-Feb-18,Ammo Priming,Credits,10000,Bronze mod variants unfin; Silver mod variants unfin; Silver weap variants unfin; Gold mod variants unfin; Gold weap variants unfin; UR weap unfin; UR char unfin,0,0,0,0,0,0,0,0,6,1,1,0,No,Strength Enhancer IV
2-Feb-18,Premium,Credits,100000,Bronze mod variants unfin; Silver mod variants unfin; Silver weap variants unfin; Gold mod variants unfin; Gold weap variants unfin; UR weap unfin; UR char unfin,0,0,0,2,0,0,0,0,1,0,0,2,Yes,Sandstorm Concussive III; X5 Ghost Concussive I
2-Feb-18,Premium,Credits,100000,Bronze mod variants unfin; Silver mod variants unfin; Silver weap variants unfin; Gold mod variants unfin; Gold weap variants unfin; UR weap unfin; UR char unfin,0,1,0,2,0,0,0,0,0,1,0,1,Yes,Shadow Concussive I; Scattershot Siphon II; Incisor Concussive I
4-Feb-18,Premium,Credits,100000,Bronze mod variants unfin; Silver mod variants unfin; Silver weap variants unfin; Gold mod variants unfin; Gold weap variants unfin; UR weap unfin; UR char unfin,0,0,0,1,0,1,0,0,1,1,0,1,Yes,Vanquisher Bulwark II; Dhan V
4-Feb-18,Premium,Credits,100000,Bronze mod variants unfin; Silver mod variants unfin; Silver weap variants unfin; Gold mod variants unfin; Gold weap variants unfin; UR weap unfin; UR char unfin,0,0,0,2,0,0,0,0,0,1,1,1,Yes,X5 Ghost Bulwark II; Revenant Concussive II
8-Feb-18,Premium,Credits,100000,Bronze mod variants unfin; Silver mod variants unfin; Silver weap variants unfin; Gold mod variants unfin; Gold weap variants unfin; UR weap unfin; UR char unfin,0,0,0,2,0,0,0,0,1,0,0,2,Yes,Equalizer Siphon I; Sweeper Concussive I
9-Feb-18,Ammo Priming,Credits,10000,Bronze mod variants unfin; Silver mod variants unfin; Silver weap variants unfin; Gold mod variants unfin; Gold weap variants unfin; UR weap unfin; UR char unfin,0,0,0,0,0,0,0,0,7,1,0,0,No,NA
9-Feb-18,Ammo Priming,Credits,10000,Bronze mod variants unfin; Silver mod variants unfin; Silver weap variants unfin; Gold mod variants unfin; Gold weap variants unfin; UR weap unfin; UR char unfin,0,0,0,0,0,0,0,0,7,1,0,0,No,NA
10-Feb-18,Ammo Priming,Credits,10000,Bronze mod variants unfin; Silver mod variants unfin; Silver weap variants unfin; Gold mod variants unfin; Gold weap variants unfin; UR weap unfin; UR char unfin,0,0,0,0,0,0,0,0,7,1,0,0,No,NA
10-Feb-18,Jumbo Supply,Credits,10000,Bronze mod variants unfin; Silver mod variants unfin; Silver weap variants unfin; Gold mod variants unfin; Gold weap variants unfin; UR weap unfin; UR char unfin,0,0,0,0,0,0,0,5,0,0,0,20,No,NA
10-Feb-18,Premium,Credits,100000,Bronze mod variants unfin; Silver mod variants unfin; Silver weap variants unfin; Gold mod variants unfin; Gold weap variants unfin; UR weap unfin; UR char unfin,0,0,0,2,0,0,0,0,0,0,2,1,Yes,Vanquisher Concussive I; Revenant Concussive III; Cryo Ammo IV; Power Capacity Mod IV
12-Feb-18,Premium,Credits,100000,Bronze mod variants unfin; Silver mod variants unfin; Silver weap variants unfin; Gold mod variants unfin; Gold weap variants unfin; UR weap unfin; UR char unfin,0,0,0,2,0,0,0,0,1,0,0,2,Yes,Revenant Bulwark II; Vanquisher Bulwark III
14-Feb-18,Premium,Credits,100000,Bronze mod variants unfin; Silver mod variants unfin; Silver weap variants unfin; Gold mod variants unfin; Gold weap variants unfin; UR weap unfin; UR char unfin,0,1,0,1,0,0,1,0,0,0,1,1,Yes,M-96 Mattock Concussive I; Krogan Gladiator IX; Thokin Siphon II
15-Feb-18,Reserves,Credits,100000,Bronze mod variants unfin; Silver mod variants unfin; Silver weap variants unfin; Gold mod variants unfin; Gold weap variants unfin; UR weap unfin; UR char unfin,0,0,0,2,0,0,0,0,0,1,1,1,Yes,Hesh Bulwark I; Hesh Concussive II
15-Feb-18,Ammo Priming,Credits,10000,Bronze mod variants unfin; Silver mod variants unfin; Silver weap variants unfin; Gold mod variants unfin; Gold weap variants unfin; UR weap unfin; UR char unfin,0,0,0,0,0,0,0,0,7,1,0,0,No,NA
15-Feb-18,Supply,Credits,2000,Bronze mod variants unfin; Silver mod variants unfin; Silver weap variants unfin; Gold mod variants unfin; Gold weap variants unfin; UR weap unfin; UR char unfin,0,0,0,0,0,0,0,1,0,0,0,4,No,NA
15-Feb-18,Supply,Credits,2000,Bronze mod variants unfin; Silver mod variants unfin; Silver weap variants unfin; Gold mod variants unfin; Gold weap variants unfin; UR weap unfin; UR char unfin,0,0,0,0,0,0,0,1,0,0,0,4,No,NA
16-Feb-18,Reserves,Credits,100000,Bronze mod variants unfin; Silver mod variants unfin; Silver weap variants unfin; Gold mod variants unfin; Gold weap variants unfin; UR weap unfin; UR char unfin,0,0,0,2,0,0,0,0,1,0,0,2,Yes,Talon Bulwark II; Sweeper Siphon II
16-Feb-18,Reserves,Credits,100000,Bronze mod variants unfin; Silver mod variants unfin; Silver weap variants unfin; Gold mod variants unfin; Gold weap variants unfin; UR weap unfin; UR char unfin,0,0,0,1,0,1,0,0,0,1,1,1,Yes,N-7 Eagle I; Sweeper Bulwark III; Pistol Rail Amp IV
17-Feb-18,Reserves,Credits,100000,Bronze mod variants unfin; Silver mod variants unfin; Silver weap variants unfin; Gold mod variants unfin; Gold weap variants unfin; UR weap unfin; UR char unfin,0,1,0,2,0,0,0,0,1,0,0,1,Yes,M-37 Falcon Siphon I; M-25 Hornet Siphon I
17-Feb-18,Ammo Priming,Credits,10000,Bronze mod variants unfin; Silver mod variants unfin; Silver weap variants unfin; Gold mod variants unfin; Gold weap variants unfin; UR weap unfin; UR char unfin,0,0,0,0,0,0,0,0,7,1,0,0,No,NA
17-Feb-18,Ammo Priming,Credits,10000,Bronze mod variants unfin; Silver mod variants unfin; Silver weap variants unfin; Gold mod variants unfin; Gold weap variants unfin; UR weap unfin; UR char unfin,0,0,0,0,0,0,0,0,7,1,0,0,No,NA
17-Feb-18,Jumbo Supply,Credits,10000,Bronze mod variants unfin; Silver mod variants unfin; Silver weap variants unfin; Gold mod variants unfin; Gold weap variants unfin; UR weap unfin; UR char unfin,0,0,0,0,0,0,0,5,0,0,0,20,No,NA
20-Feb-18,Ammo Priming,Credits,10000,Bronze mod variants unfin; Silver mod variants unfin; Silver weap variants unfin; Gold mod variants unfin; Gold weap variants unfin; UR weap unfin; UR char unfin,0,0,0,0,0,0,0,0,7,1,0,0,No,NA
20-Feb-18,Reserves,Credits,100000,Bronze mod variants unfin; Silver mod variants unfin; Silver weap variants unfin; Gold mod variants unfin; Gold weap variants unfin; UR weap unfin; UR char unfin,0,0,0,2,0,0,0,0,1,0,1,1,Yes,Tech Power Amp IV; Scattershot Concussive IV; Lanat Siphon II
21-Feb-18,Jumbo Supply,Credits,10000,Bronze mod variants unfin; Silver mod variants unfin; Silver weap variants unfin; Gold mod variants unfin; Gold weap variants unfin; UR weap unfin; UR char unfin,0,0,0,0,0,0,0,5,0,0,0,20,No,NA
23-Feb-18,Ammo Priming,Credits,10000,Bronze mod variants unfin; Silver mod variants unfin; Silver weap variants unfin; Gold mod variants unfin; Gold weap variants unfin; UR weap unfin; UR char unfin,0,0,0,0,0,0,0,0,7,1,0,0,No,NA
23-Feb-18,Reserves,Credits,100000,Bronze mod variants unfin; Silver mod variants unfin; Silver weap variants unfin; Gold mod variants unfin; Gold weap variants unfin; UR weap unfin; UR char unfin,0,0,0,2,0,0,0,0,1,0,1,1,Yes,L-89 Halberd Siphon I; Combat Power Amp IV; Viper Siphon IV
23-Feb-18,Reserves,Credits,100000,Bronze mod variants unfin; Silver mod variants unfin; Silver weap variants unfin; Gold mod variants unfin; Gold weap variants unfin; UR weap unfin; UR char unfin,0,0,0,2,0,0,0,0,1,1,0,1,Yes,M-8 Avenger Concussive V; Equalizer Siphon II
24-Feb-18,Jumbo Supply,Credits,10000,Bronze mod variants unfin; Silver mod variants unfin; Silver weap variants unfin; Gold mod variants unfin; Gold weap variants unfin; UR weap unfin; UR char unfin,0,0,0,0,0,0,0,5,0,0,0,20,No,NA
24-Feb-18,Reserves,Credits,100000,Bronze mod variants unfin; Silver mod variants unfin; Silver weap variants unfin; Gold mod variants unfin; Gold weap variants unfin; UR weap unfin; UR char unfin,0,1,0,2,0,0,0,0,0,0,1,1,Yes,Assault Rifle Rail Amp IV; M-8 Avenger Bulwark II; Venom Siphon VI
26-Feb-18,Jumbo Supply,Credits,10000,Bronze mod variants unfin; Silver mod variants unfin; Silver weap variants unfin; Gold mod variants unfin; Gold weap variants unfin; UR weap unfin; UR char unfin,0,0,0,0,0,0,0,5,0,0,0,20,No,NA
26-Feb-18,Jumbo Supply,Credits,10000,Bronze mod variants unfin; Silver mod variants unfin; Silver weap variants unfin; Gold mod variants unfin; Gold weap variants unfin; UR weap unfin; UR char unfin,0,0,0,0,0,0,0,5,0,0,0,20,No,NA
26-Feb-18,Ammo Priming,Credits,10000,Bronze mod variants unfin; Silver mod variants unfin; Silver weap variants unfin; Gold mod variants unfin; Gold weap variants unfin; UR weap unfin; UR char unfin,0,0,0,0,0,0,0,0,7,1,0,0,No,NA
26-Feb-18,Technical Mods,Credits,20000,Bronze mod variants unfin; Silver mod variants unfin; Silver weap variants unfin; Gold mod variants unfin; Gold weap variants unfin; UR weap unfin; UR char unfin,0,1,1,0,0,0,0,0,1,0,0,2,Yes,NA
26-Feb-18,Reserves,Credits,100000,Bronze mod variants unfin; Silver mod variants unfin; Silver weap variants unfin; Gold mod variants unfin; Gold weap variants unfin; UR weap unfin; UR char unfin,0,0,0,1,0,0,1,0,0,1,0,2,Yes,Salarian Operator IX; M-90 Indra Bulwark I
26-Feb-18,Reserves,Credits,100000,Bronze mod variants unfin; Silver mod variants unfin; Silver weap variants unfin; Gold mod variants unfin; Gold weap variants unfin; UR weap unfin; UR char unfin,0,0,0,2,0,0,0,0,1,0,1,1,Yes,Charger S Siphon III; Thokin Bulwark I
27-Feb-18,Jumbo Supply,Credits,10000,Bronze mod variants unfin; Silver mod variants unfin; Silver weap variants unfin; Gold mod variants unfin; Gold weap variants unfin; UR weap unfin; UR char unfin,0,0,0,0,0,0,0,5,0,0,0,20,No,NA
27-Feb-18,Reserves,Credits,100000,Bronze mod variants unfin; Silver mod variants unfin; Silver weap variants unfin; Gold mod variants unfin; Gold weap variants unfin; UR weap unfin; UR char unfin,0,0,0,2,0,0,0,0,1,1,0,1,Yes,Vanquisher Concussive II; Charger Siphon IV
28-Feb-18,Supply,Credits,2000,Bronze mod variants unfin; Silver mod variants unfin; Silver weap variants unfin; Gold mod variants unfin; Gold weap variants unfin; UR weap unfin; UR char unfin,0,0,0,0,0,0,0,1,0,0,0,4,No,NA
28-Feb-18,Supply,Credits,2000,Bronze mod variants unfin; Silver mod variants unfin; Silver weap variants unfin; Gold mod variants unfin; Gold weap variants unfin; UR weap unfin; UR char unfin,0,0,0,0,0,0,0,1,0,0,0,4,No,NA
1-Mar-18,Supply,Credits,2000,Bronze mod variants unfin; Silver mod variants unfin; Silver weap variants unfin; Gold mod variants unfin; Gold weap variants unfin; UR weap unfin; UR char unfin,0,0,0,0,0,0,0,1,0,0,0,4,No,NA
1-Mar-18,Ammo Priming,Credits,10000,Bronze mod variants unfin; Silver mod variants unfin; Silver weap variants unfin; Gold mod variants unfin; Gold weap variants unfin; UR weap unfin; UR char unfin,0,0,0,0,0,0,0,0,6,2,0,0,No,NA
1-Mar-18,Reserves,Credits,100000,Bronze mod variants unfin; Silver mod variants unfin; Silver weap variants unfin; Gold mod variants unfin; Gold weap variants unfin; UR weap unfin; UR char unfin,0,1,0,1,0,1,0,0,1,0,0,1,Yes,M-23 Katana Siphon I; Black Widow IV
5-Mar-18,Reserves,Credits,100000,Bronze mod variants unfin; Silver mod variants unfin; Silver weap variants unfin; Gold mod variants unfin; Gold weap variants unfin; UR weap unfin; UR char unfin,0,1,0,1,0,0,1,0,1,0,0,1,Yes,Disciple Bulwark III; Batarian Vanguard IX; Isharay Siphon II
7-Mar-18,Jumbo Supply,Credits,10000,Bronze mod variants unfin; Silver mod variants unfin; Silver weap variants unfin; Gold mod variants unfin; Gold weap variants unfin; UR weap unfin; UR char unfin,0,0,0,0,0,0,0,5,0,0,0,20,No,NA
8-Mar-18,Technical Mods,Credits,20000,Bronze mod variants unfin; Silver mod variants unfin; Silver weap variants unfin; Gold mod variants unfin; Gold weap variants unfin; UR weap unfin; UR char unfin,2,1,0,0,0,0,0,0,1,0,0,1,Yes,NA
8-Mar-18,Supply,Credits,2000,Bronze mod variants unfin; Silver mod variants unfin; Silver weap variants unfin; Gold mod variants unfin; Gold weap variants unfin; UR weap unfin; UR char unfin,0,0,0,0,0,0,0,1,0,0,0,4,No,NA
8-Mar-18,Supply,Credits,2000,Bronze mod variants unfin; Silver mod variants unfin; Silver weap variants unfin; Gold mod variants unfin; Gold weap variants unfin; UR weap unfin; UR char unfin,0,0,0,0,0,0,0,1,0,0,0,4,No,NA
9-Mar-18,Reserves,Credits,100000,Bronze mod variants unfin; Silver mod variants unfin; Silver weap variants unfin; Gold mod variants unfin; Gold weap variants unfin; UR weap unfin; UR char unfin,0,0,0,2,0,0,0,0,1,0,1,1,Yes,Revenant Bulwark V; Charger S Bulwark II; Targeting VI IV
9-Mar-18,Reserves,Credits,100000,Bronze mod variants unfin; Silver mod variants unfin; Silver weap variants unfin; Gold mod variants unfin; Gold weap variants unfin; UR weap unfin; UR char unfin,0,0,0,2,0,0,0,0,1,1,0,1,Yes,Talon Concussive II; L-89 Halberd Bulwark III
9-Mar-18,Reserves,Credits,100000,Bronze mod variants unfin; Silver mod variants unfin; Silver weap variants unfin; Gold mod variants unfin; Gold weap variants unfin; UR weap unfin; UR char unfin,0,0,0,2,0,0,0,1,1,0,0,0,Yes,Shadow Bulwark III; M-37 Falcon Siphon III
9-Mar-18,Reserves,Credits,100000,Bronze mod variants unfin; Silver mod variants unfin; Silver weap variants unfin; Gold mod variants unfin; Gold weap variants unfin; UR weap unfin; UR char unfin,0,1,0,2,0,0,0,0,0,1,0,1,Yes,Sandstorm Concussive V: Zalkin Siphon I; Sidewinder Concussive II
9-Mar-18,Ammo Priming,Credits,10000,Bronze mod variants unfin; Silver mod variants unfin; Silver weap variants unfin; Gold mod variants unfin; Gold weap variants unfin; UR weap unfin; UR char unfin,0,0,0,0,0,0,0,0,6,2,0,0,No,NA
9-Mar-18,Supply,Credits,2000,Bronze mod variants unfin; Silver mod variants unfin; Silver weap variants unfin; Gold mod variants unfin; Gold weap variants unfin; UR weap unfin; UR char unfin,0,0,0,0,0,0,0,1,0,0,0,4,No,NA
13-Mar-18,Supply,Credits,2000,Bronze mod variants unfin; Silver mod variants unfin; Silver weap variants unfin; Gold mod variants unfin; Gold weap variants unfin; UR weap unfin; UR char unfin,0,0,0,0,0,0,0,1,0,0,0,4,No,NA
14-Mar-18,Jumbo Supply,Credits,10000,Bronze mod variants unfin; Silver mod variants unfin; Silver weap variants unfin; Gold mod variants unfin; Gold weap variants unfin; UR weap unfin; UR char unfin,0,0,0,0,0,0,0,5,0,0,0,20,No,NA
14-Mar-18,Jumbo Supply,Credits,10000,Bronze mod variants unfin; Silver mod variants unfin; Silver weap variants unfin; Gold mod variants unfin; Gold weap variants unfin; UR weap unfin; UR char unfin,0,0,0,0,0,0,0,5,0,0,0,20,No,NA
15-Mar-18,Reserves,Credits,100000,Bronze mod variants unfin; Silver mod variants unfin; Silver weap variants unfin; Gold mod variants unfin; Gold weap variants unfin; UR weap unfin; UR char unfin,0,1,0,2,0,0,0,0,1,0,0,1,Yes,M-90 Indra Siphon II; X5 Ghost Bulwark III
15-Mar-18,Supply,Credits,2000,Bronze mod variants unfin; Silver mod variants unfin; Silver weap variants unfin; Gold mod variants unfin; Gold weap variants unfin; UR weap unfin; UR char unfin,0,0,0,0,0,0,0,1,0,0,0,4,No,NA
15-Mar-18,Supply,Credits,2000,Bronze mod variants unfin; Silver mod variants unfin; Silver weap variants unfin; Gold mod variants unfin; Gold weap variants unfin; UR weap unfin; UR char unfin,0,0,0,0,0,0,0,1,0,0,0,4,No,NA
16-Mar-18,Technical Mods,Credits,20000,Bronze mod variants unfin; Silver mod variants unfin; Silver weap variants unfin; Gold mod variants unfin; Gold weap variants unfin; UR weap unfin; UR char unfin,1,1,0,0,0,0,0,1,1,0,0,1,Yes,NA
16-Mar-18,Supply,Credits,2000,Bronze mod variants unfin; Silver mod variants unfin; Silver weap variants unfin; Gold mod variants unfin; Gold weap variants unfin; UR weap unfin; UR char unfin,0,0,0,0,0,0,0,1,0,0,0,4,No,NA
16-Mar-18,Supply,Credits,2000,Bronze mod variants unfin; Silver mod variants unfin; Silver weap variants unfin; Gold mod variants unfin; Gold weap variants unfin; UR weap unfin; UR char unfin,0,0,0,0,0,0,0,1,0,0,0,4,No,NA
17-Mar-18,Supply,Credits,2000,Bronze mod variants unfin; Silver mod variants unfin; Silver weap variants unfin; Gold mod variants unfin; Gold weap variants unfin; UR weap unfin; UR char unfin,0,0,0,0,0,0,0,1,0,0,0,4,No,NA
17-Mar-18,Supply,Credits,2000,Bronze mod variants unfin; Silver mod variants unfin; Silver weap variants unfin; Gold mod variants unfin; Gold weap variants unfin; UR weap unfin; UR char unfin,0,0,0,0,0,0,0,1,0,0,0,4,No,NA
18-Mar-18,Jumbo Supply,Credits,10000,Bronze mod variants unfin; Silver mod variants unfin; Silver weap variants unfin; Gold mod variants unfin; Gold weap variants unfin; UR weap unfin; UR char unfin,0,0,0,0,0,0,0,5,0,0,0,20,No,NA
18-Mar-18,Ammo Priming,Credits,10000,Bronze mod variants unfin; Silver mod variants unfin; Silver weap variants unfin; Gold mod variants unfin; Gold weap variants unfin; UR weap unfin; UR char unfin,0,0,0,0,0,0,0,0,7,1,0,0,No,NA
19-Mar-18,Supply,Credits,2000,Bronze mod variants unfin; Silver mod variants unfin; Silver weap variants unfin; Gold mod variants unfin; Gold weap variants unfin; UR weap unfin; UR char unfin,0,0,0,0,0,0,0,1,0,0,0,4,No,NA
19-Mar-18,Supply,Credits,2000,Bronze mod variants unfin; Silver mod variants unfin; Silver weap variants unfin; Gold mod variants unfin; Gold weap variants unfin; UR weap unfin; UR char unfin,0,0,0,0,0,0,0,1,0,0,0,4,No,NA
20-Mar-18,Reserves,Credits,100000,Bronze mod variants unfin; Silver mod variants unfin; Silver weap variants unfin; Gold mod variants unfin; Gold weap variants unfin; UR weap unfin; UR char unfin,0,1,0,2,0,0,0,0,1,0,0,1,Yes,Viper Concussive II; X5 Ghost Concussive III
20-Mar-18,Supply,Credits,2000,Bronze mod variants unfin; Silver mod variants unfin; Silver weap variants unfin; Gold mod variants unfin; Gold weap variants unfin; UR weap unfin; UR char unfin,0,0,0,0,0,0,0,1,0,0,0,4,No,NA
21-Mar-18,Technical Mods,Credits,20000,Bronze mod variants unfin; Silver mod variants unfin; Silver weap variants unfin; Gold mod variants unfin; Gold weap variants unfin; UR weap unfin; UR char unfin,0,2,0,0,0,0,0,0,1,0,0,2,Yes,NA
21-Mar-18,Celebratory,Bonus,NA,Bronze mod variants unfin; Silver mod variants unfin; Silver weap variants unfin; Gold mod variants unfin; Gold weap variants unfin; UR weap unfin; UR char unfin,0,1,0,1,0,1,0,0,0,0,4,1,Yes,Carnifex Concussive II; M-23 Katana Concussive III; P.A.W. VII; Experience Enhancer IV x 5
21-Mar-18,Ammo Priming,Credits,10000,Bronze mod variants unfin; Silver mod variants unfin; Silver weap variants unfin; Gold mod variants unfin; Gold weap variants unfin; UR weap unfin; UR char unfin,0,0,0,0,0,0,0,0,7,1,0,0,No,NA
21-Mar-18,Supply,Credits,2000,Bronze mod variants unfin; Silver mod variants unfin; Silver weap variants unfin; Gold mod variants unfin; Gold weap variants unfin; UR weap unfin; UR char unfin,0,0,0,0,0,0,0,1,0,0,0,4,No,NA
21-Mar-18,Supply,Credits,2000,Bronze mod variants unfin; Silver mod variants unfin; Silver weap variants unfin; Gold mod variants unfin; Gold weap variants unfin; UR weap unfin; UR char unfin,0,0,0,0,0,0,0,1,0,0,0,4,No,NA
23-Mar-18,Reserves,Credits,100000,Bronze mod variants unfin; Silver mod variants unfin; Silver weap variants unfin; Gold mod variants unfin; Gold weap variants unfin; UR weap unfin; UR char unfin,0,0,0,2,0,0,0,0,0,2,0,1,Yes,Sweeper Concussive II; L-89 Halberd Bulwark IV
23-Mar-18,Technical Mods,Credits,20000,Bronze mod variants unfin; Silver mod variants unfin; Silver weap variants unfin; Gold mod variants unfin; Gold weap variants unfin; UR weap unfin; UR char unfin,1,2,0,0,0,0,0,0,1,0,0,1,Yes,NA
23-Mar-18,Jumbo Supply,Credits,10000,Bronze mod variants unfin; Silver mod variants unfin; Silver weap variants unfin; Gold mod variants unfin; Gold weap variants unfin; UR weap unfin; UR char unfin,0,0,0,0,0,0,0,5,0,0,0,20,No,NA
23-Mar-18,Supply,Credits,2000,Bronze mod variants unfin; Silver mod variants unfin; Silver weap variants unfin; Gold mod variants unfin; Gold weap variants unfin; UR weap unfin; UR char unfin,0,0,0,0,0,0,0,1,0,0,0,4,No,NA
25-Mar-18,Reserves,Credits,100000,Bronze mod variants unfin; Silver mod variants unfin; Silver weap variants unfin; Gold mod variants unfin; Gold weap variants unfin; UR weap unfin; UR char unfin,0,0,0,2,0,0,0,0,1,1,0,1,Yes,Venom Bulwark VIII; L-89 Halberd Siphon III
26-Mar-18,Supply,Credits,2000,Bronze mod variants unfin; Silver mod variants unfin; Silver weap variants unfin; Gold mod variants unfin; Gold weap variants unfin; UR weap unfin; UR char unfin,0,0,0,0,0,0,0,1,0,0,0,4,No,NA
26-Mar-18,Supply,Credits,2000,Bronze mod variants unfin; Silver mod variants unfin; Silver weap variants unfin; Gold mod variants unfin; Gold weap variants unfin; UR weap unfin; UR char unfin,0,0,0,0,0,0,0,1,0,0,0,4,No,NA
27-Mar-18,Supply,Credits,2000,Bronze mod variants unfin; Silver mod variants unfin; Silver weap variants unfin; Gold mod variants unfin; Gold weap variants unfin; UR weap unfin; UR char unfin,0,0,0,0,0,0,0,1,0,0,0,4,No,NA
28-Mar-18,Supply,Credits,2000,Bronze mod variants unfin; Silver mod variants unfin; Silver weap variants unfin; Gold mod variants unfin; Gold weap variants unfin; UR weap unfin; UR char unfin,0,0,0,0,0,0,0,1,0,0,0,4,No,NA
28-Mar-18,Supply,Credits,2000,Bronze mod variants unfin; Silver mod variants unfin; Silver weap variants unfin; Gold mod variants unfin; Gold weap variants unfin; UR weap unfin; UR char unfin,0,0,0,0,0,0,0,1,0,0,0,4,No,NA
28-Mar-18,Jumbo Supply,Credits,10000,Bronze mod variants unfin; Silver mod variants unfin; Silver weap variants unfin; Gold mod variants unfin; Gold weap variants unfin; UR weap unfin; UR char unfin,0,0,0,0,0,0,0,5,0,0,0,20,No,NA